architecture,seed,fold,n_train,n_val,mse,r2,train_mse,gap,epochs_run,best_epoch,early_stopped,mse_HC,mse_NOx,mse_CO2,mse_PM,mse_eta
A1,0,0,27,7,0.026334224788597923,0.3766197351616377,0.02148501012253503,0.004849214666062893,300,300,false,0.009855275362632072,0.012915905106229265,0.05472252327705567,0.042189533701175876,0.011987886495896726
A1,0,1,27,7,0.06565875140585735,0.4431306653650542,0.011182663123626195,0.054476088282231154,300,300,false,0.04890384319074054,0.016114886218585703,0.05885128221236779,0.18475785421244326,0.019665891195149516
A1,0,2,27,7,0.017331966693005848,-0.7549723214963655,0.04822080335996155,-0.030888836666955705,101,71,true,0.016836455131434287,0.008342991879983648,0.02895489753257923,0.01016394975334245,0.02236153916768961
A1,0,3,27,7,0.023402173451415494,0.6990642231678226,0.015702749734266046,0.007699423717149448,300,300,false,0.05596628708189309,0.006698356064446809,0.009890438129645894,0.02256306485301226,0.021892721128079412
A1,0,4,28,6,0.03006773978757575,0.6439904742461808,0.02100424875243729,0.009063491035138461,300,300,false,0.01591614275591553,0.018699235988460395,0.04077712797811534,0.04767582841468754,0.027270363800699943
A1,1,0,27,7,0.023976195516192744,0.6195063367850838,0.01706399524631141,0.006912200269881333,300,300,false,0.04951018735830104,0.0032196983002590967,0.030348682864062358,0.015431553760726453,0.021370855297614778
A1,1,1,27,7,0.007237521621761911,0.708173355774261,0.022040262105376983,-0.014802740483615072,300,300,false,0.004267569646414524,0.009063845416274715,0.009509574943794771,0.00835006365985122,0.004996554442474327
A1,1,2,27,7,0.018325478180611976,-0.13314891140733853,0.021821991045020965,-0.003496512864408989,229,199,true,0.02032603276405217,0.004000202351665425,0.02966409709150165,0.012586152934706869,0.025050905761133776
A1,1,3,27,7,0.03906615924476138,-0.4910617100780694,0.016517827163985296,0.022548332080776085,300,300,false,0.008037534644232349,0.06025313899427655,0.04741757206651131,0.06423038797345022,0.015392162545336485
A1,1,4,28,6,0.19724208412914832,-0.1430401374104162,0.10573420438857331,0.091507879740575,59,29,true,0.07549832956450649,0.08023341720579057,0.3556408594396809,0.4170863386988399,0.0577514757369238
A1,2,0,27,7,0.01208839636057335,0.8401475966928789,0.015144226280773417,-0.0030558299202000667,300,300,false,0.00626630265933941,0.022370540589784906,0.0034796390606933827,0.014632688041994574,0.013692811451054486
A1,2,1,27,7,0.02552388610609366,0.6613008092716743,0.016016729420989244,0.009507156685104417,300,300,false,0.04911278501809814,0.005038870891562069,0.040085525311118766,0.01755040904865242,0.015831840261036876
A1,2,2,27,7,0.01002266853256605,0.6962400896883595,0.022948051865661342,-0.012925383333095291,300,300,false,0.004027759526771168,0.010019924583368709,0.0144475719844884,0.003795410607546523,0.017822675960655465
A1,2,3,27,7,0.04614857236013726,-0.11176547369883383,0.021148701033821323,0.024999871326315936,300,300,false,0.014999950308586824,0.024700060495314185,0.05242750749577553,0.12331969095307622,0.01529565254793355
A1,2,4,28,6,0.09218442195648985,0.28429049571199705,0.014887703947524297,0.07729671800896555,300,300,false,0.06539171356535158,0.02206029499518367,0.035149597384857185,0.31351627149997674,0.024804232337080154
A2,0,0,27,7,0.018510101940397372,0.5618313300497826,0.015386921477064063,0.003123180463333309,300,300,false,0.009984648971263851,0.005724888854551113,0.021470601929416053,0.04237253790147971,0.01299783204527615
A2,0,1,27,7,0.06628216390883578,0.4378433381115888,0.011786337473172271,0.0544958264356635,300,300,false,0.07873168646844811,0.01630011250635121,0.05301959724893717,0.15181212134145947,0.03154730197898284
A2,0,2,27,7,0.01655001694772472,-0.6757949157191381,0.04651182886007726,-0.02996181191235254,69,39,true,0.0023140852346944124,0.02221170900639826,0.012502004354522134,0.020829771786350308,0.024892514356658485
A2,0,3,27,7,0.018773894542608933,0.7585806912304691,0.012017970938530836,0.006755923604078097,300,300,false,0.05074966937431482,0.0035175074148922525,0.0014374983146020516,0.007139903812459186,0.031024893796776348
A2,0,4,28,6,0.019406796241266542,0.7702187003391202,0.016419713629447292,0.00298708261181925,300,300,false,0.008943502897564142,0.015565631152738117,0.025176594951489023,0.026332956903372923,0.021015295301168507
A2,1,0,27,7,0.02226230852367672,0.6467051114897027,0.011600046758997062,0.01066226176467966,300,300,false,0.042260350147375295,0.0035739562534833854,0.008141235096355628,0.021633026815884967,0.035702974305284366
A2,1,1,27,7,0.006010099741190448,0.7576646633206716,0.01570884923391203,-0.009698749492721582,300,300,false,0.0029267947962115376,0.004341469028726639,0.005186696242865619,0.013026502578727487,0.004569036059420964
A2,1,2,27,7,0.028648435747516698,-0.7714650314100306,0.05140279479177413,-0.02275435904425743,81,51,true,0.020973352733040334,0.020095249966641287,0.0628052373056555,0.015327526309363562,0.024040812422882796
A2,1,3,27,7,0.03795574835724385,-0.448679986641737,0.017949865718285378,0.020005882638958472,300,300,false,0.012203588920858766,0.048937776768012815,0.06634046168525984,0.055771562286877664,0.006525352125210188
A2,1,4,28,6,0.20291373116395617,-0.17590797205449427,0.008397825493749466,0.1945159056702067,300,300,false,0.10598184422535233,0.018137173480399674,0.18467797771239616,0.6229499724269641,0.0828216879746683
A2,2,0,27,7,0.011694248045637193,0.845359665649146,0.01298620175065843,-0.0012919537050212378,300,281,false,0.007718888408421442,0.014124964720912733,0.00291640536352867,0.019712607670640904,0.013998374064682214
A2,2,1,27,7,0.015929132141751054,0.7886221501306739,0.012289294953956472,0.003639837187794582,300,300,false,0.04122917092145967,0.003372911106831817,0.0023308773539455355,0.009441918888670593,0.023270782437847654
A2,2,2,27,7,0.011369126466618258,0.6554326001503032,0.017844300270853874,-0.006475173804235616,300,300,false,0.007152402097117773,0.004648593851524228,0.014992912355295833,0.013599562261522858,0.016452161767630587
A2,2,3,27,7,0.03306840760442723,0.20334883692829353,0.034590133444219365,-0.0015217258397921332,101,71,true,0.04032935274696891,0.020615015631519063,0.053565288158930635,0.04241589056481547,0.00841649091990205
A2,2,4,28,6,0.052610718269493,0.5915362889549068,0.008885927682484947,0.04372479058700805,300,300,false,0.03132832487007784,0.008312872358736347,0.011932410430782784,0.19235879828862149,0.019121185399246562
A3,0,0,27,7,0.016980756349045667,0.5980337953746395,0.012557144268657347,0.00442361208038832,300,283,false,0.010688929469410016,0.004547495953867274,0.009929047180616947,0.0455200779636508,0.014218231177683305
A3,0,1,27,7,0.04308916204767135,0.6345493557874216,0.00816872568705927,0.03492043636061208,300,300,false,0.031218983143183315,0.02282475687752744,0.012551334741613086,0.1185367948414505,0.03031394063458245
A3,0,2,27,7,0.030479304807670787,-2.086224273526838,0.04138457596094501,-0.010905271153274224,55,25,true,0.002402943399647879,0.005649161517166928,0.07264647859111194,0.025818235776295283,0.0458797047541319
A3,0,3,27,7,0.017475354545528107,0.7752790181435847,0.011453845906620342,0.006021508638907765,300,300,false,0.0486752893730351,0.0034315033733023094,0.0018356934715405059,0.0064433604598645704,0.02699092604989805
A3,0,4,28,6,0.012850309008528788,0.8478491416968187,0.012501193405932346,0.00034911560259644203,300,291,false,0.008766132074931973,0.008392710136019482,0.005808827977602713,0.02277207178586345,0.018511803068226324
A3,1,0,27,7,0.021063687655035003,0.6657267967611344,0.011454047993726657,0.009609639661308346,300,300,false,0.04008712335708146,0.002921050275286923,0.008831471006384062,0.021062236670991476,0.03241655696543111
A3,1,1,27,7,0.004904855360371248,0.8022296091073624,0.014416446084371993,-0.009511590724000745,266,236,true,0.00318191802066435,0.00360227928662555,0.0011513174967372614,0.013228657286572798,0.0033601047112562852
A3,1,2,27,7,0.03206830888555109,-0.9829315746195157,0.03133378825067622,0.0007345206348748703,60,30,true,0.017871701890211967,0.011451458755306598,0.06605408657870558,0.05362870385032222,0.011335593353209042
A3,1,3,27,7,0.029477348758533316,-0.12507978511760687,0.051643506902092386,-0.02216615814355907,53,23,true,0.009429492272200123,0.08322823581154512,0.03530037225811413,0.010693772868577422,0.008734870582229807
A3,1,4,28,6,0.16692066654053392,0.03267589945864757,0.006426333018936216,0.1604943335215977,300,300,false,0.07331058468299957,0.030040819844891792,0.07951177180409714,0.5894523559907959,0.06228780037988484
A3,2,0,27,7,0.011727613979799578,0.8449184470949762,0.01312757619937488,-0.0013999622195753018,212,182,true,0.007974223393817108,0.012357663726797427,0.0027240103417233382,0.020213096598948942,0.015369075837711077
A3,2,1,27,7,0.01505482904883758,0.8002240570186054,0.012201564036627505,0.0028532650122100756,300,300,false,0.039849937940124425,0.003559875363587197,0.0011539221111136993,0.006362476365672372,0.024347933463690206
A3,2,2,27,7,0.010917159650613498,0.6691304889957097,0.014803786654851494,-0.0038866270042379955,300,300,false,0.006477809272375232,0.003773283965709088,0.011863585765198798,0.015172888374008084,0.017298230875776293
A3,2,3,27,7,0.029826299696526927,0.2814544737805187,0.03221958631054257,-0.0023932866140156453,92,62,true,0.02376737417696597,0.025833839076123487,0.050233810503928424,0.03595882202130236,0.013337652704314388
A3,2,4,28,6,0.051557869707240724,0.5997104870090593,0.009239718829463528,0.0423181508777772,300,300,false,0.029904114394634557,0.007656979316763196,0.008761948905368994,0.19452942384439206,0.01693688207504478
A4,0,0,27,7,0.017362779456493657,0.5889905952118456,0.014276652970812502,0.003086126485681155,300,300,false,0.007768434777242011,0.006211571017121986,0.02232966070903805,0.03400220589049267,0.016502024888573583
A4,0,1,27,7,0.04602516286454038,0.6096483519399489,0.00808191549139968,0.0379432473731407,300,300,false,0.022608623026519913,0.014194378243445938,0.02903222608483384,0.11848697993473542,0.045803607033166764
A4,0,2,27,7,0.02352687802791374,-1.3822466591094593,0.013355615676599738,0.010171262351314,300,300,false,0.013556636676331219,0.002211525215283522,0.055022297052832084,0.01701710854551767,0.0298268226496042
A4,0,3,27,7,0.021234532258937018,0.7269385907989403,0.009150215738893767,0.012084316520043251,300,288,false,0.05042122096459289,0.0049422659763931915,0.0013179945660567855,0.004863949668929582,0.04462723011871263
A4,0,4,28,6,0.017423015673260482,0.7937071562125911,0.011353464223613018,0.0060695514496474645,300,300,false,0.011252534042418308,0.02405525903180761,0.010427478117372026,0.0170838907789975,0.024295916395706964
A4,1,0,27,7,0.020272354134014993,0.6782849772295206,0.009547113668178833,0.01072524046583616,300,300,false,0.05235361739327617,0.0026270281091766426,0.011409232658026002,0.016498755524522433,0.01847313698507371
A4,1,1,27,7,0.005084313501491091,0.7949936145447316,0.012844685417124677,-0.007760371915633586,300,300,false,0.0037971735817199878,0.00421337255371046,0.001046687470234577,0.012532648093958943,0.003831685807831484
A4,1,2,27,7,0.03162490558904862,-0.9555139019239256,0.034297061212852864,-0.002672155623804247,134,104,true,0.04513523398845741,0.02723014961493158,0.04457233908231455,0.03193663022896116,0.009250175030578362
A4,1,3,27,7,0.015620171598720511,0.40381547032104814,0.02366807085888794,-0.008047899260167428,156,126,true,0.0036823940037214145,0.03450069014820465,0.016181089567581197,0.012225626257646586,0.011511058016448698
A4,1,4,28,6,0.1945360210194701,-0.12735819629534184,0.0070092583550669454,0.18752676266440316,300,300,false,0.07182536361446218,0.03655309727965965,0.08270472707394251,0.7329789997631235,0.048617917366162694
A4,2,0,27,7,0.015065936230934688,0.8007737302160638,0.013375983304262259,0.0016899529266724295,300,300,false,0.006534552005792887,0.029038970496676954,0.00762183397167113,0.01756224066154525,0.014572084018987226
A4,2,1,27,7,0.021288932603055102,0.7174981813446049,0.010439824094044866,0.010849108509010236,300,300,false,0.05099755221423944,0.005015363491805097,0.006705455978419164,0.003542797238222832,0.040183494092588964
A4,2,2,27,7,0.01202390944387645,0.6355879033213825,0.01658562055638313,-0.004561711112506679,207,177,true,0.009507924120186667,0.004956376550334811,0.016395059175107855,0.009403206864660809,0.01985698050909212
A4,2,3,27,7,0.042941268954800306,-0.034498312281498134,0.04309401559440218,-0.00015274663960187368,112,82,true,0.03170410896629599,0.0829553991833192,0.0676168243844345,0.02099573473051194,0.011434277509439905
A4,2,4,28,6,0.04987801251088148,0.6127527097161494,0.008145005612788877,0.0417330068980926,300,300,false,0.02862043658950898,0.01377189197434951,0.010238160090472322,0.1714166184299055,0.0253429554701711
A5,0,0,27,7,0.01300451551569578,0.6921588392539637,0.009447629129144795,0.003556886386550986,300,300,false,0.009487473752590863,0.006920690996618831,0.006405134377569308,0.030164924007755087,0.012044354443944806
A5,0,1,27,7,0.04343214007409951,0.6316404679197425,0.0071472143066891695,0.03628492576741034,300,300,false,0.026174094232466562,0.02473617429098331,0.015372272511447871,0.11657169009904515,0.03430646923655466
A5,0,2,27,7,0.05427051709270703,-4.495236464389858,0.037634359662157855,0.01663615743054917,61,31,true,0.017797672595027448,0.011605452531968848,0.17071044871927993,0.03279925078981837,0.03843976082744057
A5,0,3,27,7,0.023348149432102318,0.6997589347190107,0.01129015872828449,0.012057990703817828,201,171,true,0.04954571667524509,0.0035644131507306556,0.001670693080580915,0.007057002394210794,0.05490292185974414
A5,0,4,28,6,0.012749608176433915,0.8490414646226652,0.011091816845696255,0.00165779133073766,300,300,false,0.008697702126820228,0.01035233888436063,0.0065023874799959025,0.018866669489481427,0.0193289429015114
A5,1,0,27,7,0.018899632560163505,0.7000695785377702,0.008821412439034101,0.010078220121129404,300,300,false,0.04080102348908234,0.0029127021156688834,0.008194299116821265,0.012036217614468788,0.030553920464776233
A5,1,1,27,7,0.0040103299321825785,0.8382980822015185,0.010560551561084663,-0.006550221628902084,300,300,false,0.0033245707067886057,0.003784312927074016,0.0011921085300809317,0.007154120417052791,0.004596537079916544
A5,1,2,27,7,0.021065752235162844,-0.30259270606680166,0.043142807738242875,-0.02207705550308003,69,39,true,0.022792020346084824,0.017910163871802352,0.01849377500878204,0.03907030475084138,0.007062497198303634
A5,1,3,27,7,0.03796589202785523,-0.4490671462484319,0.037665902407792974,0.000299989620062259,50,20,true,0.007278808413383427,0.09854989237808821,0.04421673369015399,0.02533559545213456,0.014448430205516002
A5,1,4,28,6,0.15498374645327853,0.10185169851307041,0.03677068187168618,0.11821306458159235,40,10,true,0.02753079440712684,0.05476393931094331,0.05895951285944947,0.502964975800341,0.13069950988853216
A5,2,0,27,7,0.011993101852018066,0.84140773540443,0.012504095727702766,-0.0005109938756846996,154,124,true,0.0066711966416844095,0.013241566448473522,0.003253781663235919,0.019413516202544414,0.017385448304152073
A5,2,1,27,7,0.012933534804054358,0.8283734007752052,0.0075845760865339,0.005348958717520458,300,300,false,0.04417553593724905,0.003828369686271006,0.0012676447223980251,0.005276428102546977,0.010119695571806735
A5,2,2,27,7,0.0122669889889944,0.6282208213328176,0.012849899900592139,-0.000582910911597739,177,147,true,0.008532885766625519,0.004117724729929183,0.01158743628284932,0.012484601557640706,0.024612296607927273
A5,2,3,27,7,0.033559358102267574,0.19152134617658345,0.03577556167199016,-0.0022162035697225885,68,38,true,0.04747073954478335,0.02187159860899503,0.05940594046317244,0.034814672850913254,0.0042338390434737755
A5,2,4,28,6,0.04206412807368198,0.6734188313711877,0.007354225082820413,0.034709902990861574,300,300,false,0.02989413020824405,0.015527254260738978,0.009402234402245028,0.1317179823599824,0.023779039137199465
A6,0,0,27,7,0.014089550873632074,0.6664740266491068,0.010355007138097595,0.0037345437355344787,300,300,false,0.007397728575285224,0.006145216356208684,0.007139081423929792,0.03735786138518802,0.012407866627548654
A6,0,1,27,7,0.041611493309431494,0.6470818573878265,0.00761771318446285,0.03399378012496864,271,241,true,0.02426746478197416,0.02669631984361073,0.011229192167571638,0.11631731567486606,0.029547174079134902
A6,0,2,27,7,0.02362583830760966,-1.3922670194569071,0.055630441405576256,-0.0320046030979666,41,11,true,0.02718700704859614,0.015614272283147438,0.028082624716114054,0.02442788197128441,0.022817405518906275
A6,0,3,27,7,0.0177314981860087,0.7719851879534668,0.011389022782561101,0.0063424754034475984,185,155,true,0.05227351658298425,0.003253178638038347,0.0015516223685354666,0.005773759779852268,0.02580541356063317
A6,0,4,28,6,0.011442789269373416,0.8645145258715513,0.007856618943020328,0.0035861703263530883,300,286,false,0.00938628047931734,0.009166895567167457,0.009134636170523434,0.009661390479845806,0.01986474365001305
A6,1,0,27,7,0.019636510758182214,0.6883755846045797,0.008673866050222951,0.010962644707959263,300,300,false,0.04180710348175599,0.003492393133178409,0.00758712469881523,0.0134903499275396,0.031805582549621854
A6,1,1,27,7,0.004537484559949577,0.8170424958214033,0.012056066210030515,-0.007518581650080938,300,300,false,0.003530036453127717,0.003638337947038636,0.0010519333686074591,0.011855036156173828,0.002612078874800244
A6,1,2,27,7,0.02053650158344248,-0.26986669510283945,0.04731236086752186,-0.026775859284079377,38,8,true,0.01962285603445701,0.02400401205404856,0.024099675977512634,0.02437163485899458,0.01058432899219964
A6,1,3,27,7,0.040141244750059236,-0.5320951483018317,0.02985938354250766,0.010281861207551576,58,28,true,0.003880101089993764,0.07263307603719125,0.05320278427508206,0.04142881938086024,0.029561442967168863
A6,1,4,28,6,0.13708973434216665,0.2055495181371857,0.004637414362976876,0.13245231997918977,300,300,false,0.062187280641802324,0.01911961143328057,0.012540978899176198,0.5435787521013805,0.04802204863519372
A6,2,0,27,7,0.01080450669367771,0.8571252703819896,0.013309760419039748,-0.0025052537253620385,123,93,true,0.006808392495843202,0.011919504302683768,0.0023422923386633527,0.018612293014332846,0.014340051316865384
A6,2,1,27,7,0.016749862673854757,0.7777311452941029,0.010717645223346088,0.00603221745050867,300,300,false,0.04218039648142642,0.004379974897418316,0.0009430985722780044,0.0057182304790402505,0.030527612939110806
A6,2,2,27,7,0.01084427477172912,0.6713394320732002,0.013650354012807817,-0.0028060792410786965,138,108,true,0.006610976247959033,0.003997288564712426,0.00938493457677937,0.015405242866802548,0.018822931602392234
A6,2,3,27,7,0.03203178743200119,0.2283220583759522,0.04045422474977641,-0.00842243731777522,49,19,true,0.03037860184180863,0.015688243875283798,0.07085152274009603,0.03332907363180913,0.009911495071008369
A6,2,4,28,6,0.04593171496890649,0.6433913208566844,0.008092008603119857,0.03783970636578663,300,300,false,0.03033136495144984,0.009800112147272569,0.006450918970986329,0.16208066974476004,0.020995509030063603
A7,0,0,27,7,0.020989259347494876,0.5031450458162867,0.017410136683591048,0.0035791226639038283,300,300,false,0.029979827312022114,0.007409477917147301,0.024839190570899894,0.032333639659683326,0.01038416127772175
A7,0,1,27,7,0.11302320836887743,0.04142010782939032,0.020487393151069178,0.09253581521780825,300,300,false,0.0798372788850884,0.03571224373074998,0.0870994149978382,0.35518034655386393,0.007286757676846727
A7,0,2,27,7,0.046147647080391166,-3.672743997422458,0.056124323366901104,-0.009976676286509938,71,41,true,0.0071905023432057525,0.028587152230418265,0.12679514309645631,0.05015708395716677,0.018008353774708708
A7,0,3,27,7,0.019362319379507872,0.7510139545012009,0.011892260465096647,0.0074700589144112255,300,300,false,0.06396401112962583,0.005285259421159697,0.002106488299395888,0.009091224697248903,0.01636461335010904
A7,0,4,28,6,0.018605467557337878,0.7797066314823934,0.011078417293323222,0.007527050264014656,300,300,false,0.011536432313610753,0.038912058756893665,0.008274415855663448,0.01378514668861504,0.0205192841719065
A7,1,0,27,7,0.022000975528043788,0.6508523728331526,0.011285122281276167,0.010715853246767621,300,300,false,0.05444072910118258,0.003984320151860529,0.010285739081116503,0.009929564913344466,0.03136452439271486
A7,1,1,27,7,0.006022107144813359,0.7571805085936444,0.01510116404422688,-0.009079056899413521,300,300,false,0.0041894718477450965,0.007555093128589772,0.004704404623285219,0.01074133994213378,0.0029202261823129266
A7,1,2,27,7,0.03555192079979089,-1.1983393805976865,0.03736263819933479,-0.0018107173995439013,191,161,true,0.032973340600683305,0.0046157880400835875,0.03288514672353487,0.06516505040491836,0.04212027822973433
A7,1,3,27,7,0.02275834598017843,0.13136845464777447,0.019422702283838432,0.003335643696339999,268,238,true,0.004063640855517034,0.07033323533227089,0.011965266398193616,0.01868370687254081,0.008745880442369796
A7,1,4,28,6,0.16332708559317216,0.053501106604493254,0.007444230056764363,0.1558828555364078,300,300,false,0.10785540541363127,0.03465058862680157,0.09194166604219695,0.5548411885737766,0.027346579309454125
A7,2,0,27,7,0.026348833307564237,0.6515729462437072,0.02764687210743247,-0.001298038799868232,300,300,false,0.005613720471738716,0.046926464915177976,0.02366443236181543,0.03859231395110204,0.016947234837987015
A7,2,1,27,7,0.019832421879188256,0.7368259201305514,0.01413877024020775,0.005693651638980507,300,300,false,0.04452750211285559,0.0034209337406622587,0.027037674058615197,0.005997400981704433,0.01817859850210382
A7,2,2,27,7,0.012831360846728061,0.6111162404190059,0.015129079151134043,-0.002297718304405982,300,300,false,0.007390345895041188,0.003885224213521041,0.013305933020139596,0.01673393646756998,0.022841364637368498
A7,2,3,27,7,0.027583944987984554,0.33547505160660174,0.01190337135381618,0.015680573634168374,300,300,false,0.013680666086647744,0.008649939231780372,0.006794150381931397,0.06408807896835879,0.04470689027120448
A7,2,4,28,6,0.1450782409777035,-0.12637117779114782,0.05790087259774277,0.08717736837996073,58,28,true,0.11004319560485888,0.032567982972927144,0.10847379436664499,0.4428381505204883,0.0314680814235983
A8,0,0,27,7,0.013037484856338386,0.6913783934095797,0.009365265851685508,0.003672219004652878,300,300,false,0.006375315998656588,0.005853026256182369,0.006856284639476532,0.034972741917808185,0.011130055469568257
A8,0,1,27,7,0.05641714116636123,0.5215112198963517,0.008984568318563757,0.04743257284779747,300,300,false,0.047192861140435756,0.018707776674273997,0.05293585211021864,0.12748423188333666,0.03576498402354106
A8,0,2,27,7,0.009942580623659455,-0.006749788286275482,0.051008809803472714,-0.04106622917981326,47,17,true,0.0044332149063770485,0.01451134292889961,0.007920952671424042,0.016454080662000714,0.006393311949595851
A8,0,3,27,7,0.020990964920440707,0.7300706984372971,0.009211878815004034,0.011779086105436673,300,300,false,0.04969492460398201,0.0022637585575297436,0.0027275614881431447,0.006180249188218473,0.044088330764330164
A8,0,4,28,6,0.014186450239227504,0.8320288968349908,0.01163632801524428,0.0025501222239832245,300,300,false,0.008467062691738716,0.013039610459151092,0.009320050462218068,0.021650221278498815,0.018455306304530815
A8,1,0,27,7,0.019498480898038722,0.6905660692076757,0.009923980763346864,0.009574500134691858,300,300,false,0.04662374785720595,0.004171903443184693,0.007552387055058381,0.017025522998041463,0.02211884313670314
A8,1,1,27,7,0.00446235415298896,0.8200718552746042,0.011315578628637586,-0.006853224475648626,300,300,false,0.0028971174947654437,0.003252502216853464,0.001740240927895619,0.009946935495104415,0.004474974630325859
A8,1,2,27,7,0.02039585457794616,-0.2611698414873376,0.04823862113080707,-0.027842766552860908,61,31,true,0.014661741728559137,0.009100059599349227,0.05440654499775207,0.009765471326035469,0.014045455238034913
A8,1,3,27,7,0.016105152278018193,0.38530491962939317,0.013169756594896354,0.002935395683121839,300,300,false,0.005166193297288172,0.03500668231537502,0.005864022244700643,0.025640418391440278,0.008848445141286836
A8,1,4,28,6,0.14201120940496592,0.17702901473203692,0.005109264862743365,0.13690194454222254,300,300,false,0.05518624014219611,0.022588613771196458,0.027614747321085126,0.5498973413060483,0.0547691044843036
A8,2,0,27,7,0.011548861748079032,0.8472821993235378,0.012216157458265074,-0.000667295710186042,210,180,true,0.006037247846155809,0.015208750092373404,0.002695406541852054,0.01683786814018599,0.016965036119827897
A8,2,1,27,7,0.01618204318108542,0.7852660481643531,0.009582091196152887,0.006599951984932535,300,300,false,0.043360273725384944,0.004195181294621105,0.0011907751454708865,0.005389587267350611,0.02677439847259955
A8,2,2,27,7,0.012594530101477836,0.6182939382249841,0.013570981211276176,-0.0009764511097983403,300,300,false,0.008698661911839035,0.003814262287870637,0.014227854829015004,0.011842159421740847,0.024389712056923658
A8,2,3,27,7,0.03407716213259288,0.1790469268475242,0.03539191024386649,-0.001314748111273606,76,46,true,0.02386787280928096,0.04855767249212487,0.06005634812452886,0.03256726318152177,0.00533665405550793
A8,2,4,28,6,0.04765366867170192,0.6300222655989935,0.00835128550522223,0.03930238316647969,300,300,false,0.026727679148696254,0.010622716090060108,0.011909539955511028,0.1622669268473485,0.026741481316893672
A9,0,0,27,7,0.009794951694011298,0.7681352069366603,0.006755713825505857,0.0030392378685054405,300,300,false,0.003244522516071599,0.008089431397522816,0.007480379345179497,0.019053270642044855,0.011107154569237722
A9,0,1,27,7,0.036330993832584264,0.6918671779620122,0.006433472173749079,0.029897521658835184,300,300,false,0.01679492197178933,0.025134918700728703,0.00940032366257503,0.10417570093254967,0.026149103895278587
A9,0,2,27,7,0.009337601575042289,0.05450820419744995,0.05712338608035138,-0.047785784505309084,88,58,true,0.0016428997460494461,0.013067623537689753,0.0141232509656647,0.0053022589498490655,0.012551974675958479
A9,0,3,27,7,0.025548073689173185,0.6714694291887656,0.011283155427033011,0.014264918262140174,248,218,true,0.06120259274416306,0.001064019913857082,0.003861438459744199,0.007189902287776766,0.054422415040324815
A9,0,4,28,6,0.01418977485094659,0.8319895326044304,0.007872886240986731,0.006316888609959858,300,300,false,0.010066927008529842,0.014190384176483004,0.009770270683759547,0.014934416537400188,0.021986875848560378
A9,1,0,27,7,0.0213534965082567,0.6611276337237808,0.009971445234982647,0.011382051273274053,300,300,false,0.050955129169801015,0.002494566111613275,0.010749599116804445,0.01570486915734949,0.026863318985715263
A9,1,1,27,7,0.004211983997410782,0.8301671180088754,0.012763428512082089,-0.008551444514671307,300,300,false,0.003367715948549208,0.003266247832913991,0.0010037175667250767,0.008583465881530642,0.004838772757334998
A9,1,2,27,7,0.018190581011975064,-0.12480759674769848,0.03685726998373091,-0.018666688971755843,72,42,true,0.018343938355445417,0.015396380403356202,0.022670656833592876,0.011245039070974752,0.023296890396506044
A9,1,3,27,7,0.02755809820112751,-0.05182658916700844,0.020633272326082235,0.006924825875045275,127,97,true,0.0038095882331540217,0.06354652716498292,0.03149348685684512,0.015191349647275058,0.023749539103380412
A9,1,4,28,6,0.11981573032580455,0.30565432088081446,0.005065249697496093,0.11475048062830845,300,300,false,0.07678399720067129,0.02043358721398954,0.009547330958256928,0.45579436647388455,0.03651936978222034
A9,2,0,27,7,0.012637634653132349,0.8328846762495843,0.00820729448431982,0.004430340168812528,300,300,false,0.006598380695598342,0.012312518332238006,0.008109655261190252,0.013057657833861949,0.023109961142773198
A9,2,1,27,7,0.015666216338575876,0.792111014224291,0.007395768195795208,0.008270448142780669,300,300,false,0.05098585743545312,0.004255054447746068,0.003024664039171713,0.00209082994092595,0.017974675829582537
A9,2,2,27,7,0.011005240612691338,0.6664609938354146,0.010199743260058004,0.0008054973526333345,248,218,true,0.008703364068881418,0.0031852408247954856,0.01247892758447602,0.010964121804119346,0.019694548781184405
A9,2,3,27,7,0.03420374761511178,0.17599735539301087,0.040971144304160816,-0.006767396689049035,76,46,true,0.037868689823044054,0.011432832294497755,0.07587689658524395,0.03929225917913219,0.006548060193640959
A9,2,4,28,6,0.06451307940619054,0.49912769314005967,0.009300163194745272,0.055212916211445265,300,300,false,0.028147787608319878,0.011251140371142146,0.013328231612072972,0.2256463212071197,0.04419191623229805
A10,0,0,27,7,0.014487881914668961,0.6570447872525316,0.014474931031585017,0.000012950883083943932,181,151,true,0.00839265327441752,0.00579359023906792,0.005871785014349534,0.040388636611960474,0.011992744433549357
A10,0,1,27,7,0.03902320773357333,0.6690337957907365,0.005822938006854991,0.03320026972671834,300,300,false,0.02402436542124078,0.027833059717302717,0.010431632516939631,0.09681425948523019,0.03601272152715331
A10,0,2,27,7,0.02602218578523841,-1.6349125062857723,0.05564999326491122,-0.02962780747967281,41,11,true,0.0050495050412263315,0.038647174190817486,0.03828476282158155,0.004552437642317317,0.04357704923024935
A10,0,3,27,7,0.01946624945679746,0.7496774855356024,0.010917334715088574,0.008548914741708885,129,99,true,0.04750039661115584,0.0039673683277669375,0.0013364816327515725,0.006001717021743127,0.03852528369056983
A10,0,4,28,6,0.01394403250820775,0.834899183130681,0.0067322251169188935,0.007211807391288857,300,300,false,0.010166232688432182,0.012893783416933558,0.014196653105852502,0.0096660642674972,0.022797429062323318
A10,1,0,27,7,0.019142376853107195,0.6962173132697346,0.006919602215259789,0.012222774637847406,300,300,false,0.05207334464869452,0.001834720047056461,0.01083209353799676,0.00781513183204621,0.023156594199742007
A10,1,1,27,7,0.004654954949149656,0.8123059311149057,0.010578504242733397,-0.005923549293583741,300,300,false,0.003712633027502713,0.003745537371171994,0.0018825800487850422,0.010210556031607487,0.0037234682666810437
A10,1,2,27,7,0.034650957599661476,-1.1426286668371675,0.05463399319192752,-0.019983035592266045,46,16,true,0.06273402998772969,0.006999545837204126,0.04627264935321816,0.047671493091383084,0.009577069728772323
A10,1,3,27,7,0.03019788628986266,-0.15258097654285385,0.03017061191214519,0.000027274377717469156,68,38,true,0.011487722294884307,0.05142179846475841,0.026236968432363107,0.045207561514317526,0.016635380742989977
A10,1,4,28,6,0.12611456554869557,0.2691518599050692,0.004600001707807861,0.12151456384088771,274,244,true,0.054320327828429556,0.028408802483673862,0.006984443627873243,0.49589626108490065,0.04496299271860043
A10,2,0,27,7,0.011822975604284023,0.8436574208676406,0.011674214413224304,0.00014876119105971912,166,136,true,0.005444975070608835,0.0176746021905694,0.004548958202232883,0.01564112741969888,0.01580521513831012
A10,2,1,27,7,0.01713958844639603,0.7725595267083977,0.005567862124799862,0.011571726321596167,300,300,false,0.041149908262342785,0.009594305131169838,0.0022875554202927426,0.0029682693613595494,0.029697904056815248
A10,2,2,27,7,0.01070743789239491,0.6754865869011613,0.012845084048399876,-0.002137646156004966,159,129,true,0.007944313007468702,0.0041880210011857755,0.00928943665591063,0.013885102505402395,0.018230316292007036
A10,2,3,27,7,0.03712554441544594,0.10560833493912714,0.034705101966965655,0.0024204424484802825,71,41,true,0.022747881181617493,0.03021708479675869,0.044832978205355666,0.0617534881743703,0.026076289719127534
A10,2,4,28,6,0.04552080039145001,0.6465816155105348,0.007499105959693872,0.03802169443175614,300,300,false,0.027858993507132144,0.010197731765492591,0.006551527234494127,0.14980720931399807,0.033188540136133045
A11,0,0,27,7,0.008980288870121587,0.7874197968946764,0.006889772744830369,0.002090516125291218,237,207,true,0.004475472347857767,0.010428970515806019,0.006431609170876942,0.014310932448900122,0.009254459867167084
A11,0,1,27,7,0.031923979456738596,0.7292442390644092,0.005420227271078534,0.026503752185660062,300,300,false,0.021383032604604058,0.02652663655279532,0.01113471355031306,0.07267895552799399,0.027896559047986585
A11,0,2,27,7,0.031946364355118606,-2.2347734223546447,0.05220891933873856,-0.02026255498361995,46,16,true,0.005129697664803882,0.006533925899426182,0.04229772689996092,0.05152708308456294,0.0542433882268391
A11,0,3,27,7,0.031247806921671038,0.5981747990289259,0.00956119792384743,0.021686608997823608,153,123,true,0.06563442719668057,0.005710785767086893,0.004163086211623246,0.008895161989978502,0.07183557344298598
A11,0,4,28,6,0.013905229628469637,0.8353586188884414,0.006239600898339587,0.00766562873013005,300,279,false,0.011672721029924088,0.011852488783776623,0.014521734661625402,0.007410146841116824,0.02406905682590525
A11,1,0,27,7,0.0165094335353879,0.7380011837474196,0.005172316611363446,0.011337116924024455,300,300,false,0.041432216316577966,0.003807269084708235,0.008772904211936874,0.0027807364531730705,0.025754041610543343
A11,1,1,27,7,0.004412638462007798,0.8220764590633891,0.0075266988677577095,-0.003114060405749911,300,300,false,0.0029376836253625915,0.004021730373189999,0.0020416530782347156,0.00756879195808637,0.005493333275165316
A11,1,2,27,7,0.024855839179778176,-0.5369512779470038,0.038239429738394094,-0.013383590558615918,47,17,true,0.02300413412274635,0.015016085094349695,0.05778929727421811,0.020426848520703738,0.008042830886873003
A11,1,3,27,7,0.02790258070917224,-0.06497466124440465,0.026134277509930883,0.0017683031992413584,78,48,true,0.00735845524858172,0.03266584585899401,0.048850962489322684,0.022244502527824696,0.028393137421138102
A11,1,4,28,6,0.12314040828501761,0.28638743689850976,0.004714145184400319,0.1184262631006173,274,244,true,0.08850253674771806,0.024613527694644668,0.0080531728834185,0.4610003930785899,0.03353241102071709
A11,2,0,27,7,0.011716726102108518,0.8450624242912821,0.006674669877305675,0.005042056224802843,300,300,false,0.006947087231014696,0.013548781672531065,0.01032262463407963,0.010467402855587572,0.017297734117329638
A11,2,1,27,7,0.015336193791646765,0.7964903775039408,0.005991165677291558,0.009345028114355208,300,300,false,0.040167035676711885,0.006236533013027268,0.0015048659024570288,0.009391796627093663,0.019380737738943995
A11,2,2,27,7,0.010385451402617034,0.6852451244541782,0.012970421648288719,-0.002584970245671685,157,127,true,0.007029968909349753,0.003696320697017599,0.009214114388630429,0.016616569736263215,0.015370283281824165
A11,2,3,27,7,0.01692491566390442,0.5922617771671943,0.006866375493705235,0.010058540170199186,260,230,true,0.012879204883865703,0.007837476177531137,0.009994142219787196,0.010869628992719036,0.04304412604561903
A11,2,4,28,6,0.04202272607843398,0.6737402718148828,0.005106768986632599,0.03691595709180138,300,300,false,0.02536349431282549,0.03439746560887471,0.013973094139772995,0.07733425769838208,0.05904531863231463
A12,0,0,27,7,0.013486917140702076,0.6807394921811354,0.00797782392224333,0.0055090932184587455,300,300,false,0.005961241427784134,0.00928269783197262,0.009538703909258438,0.02516142073079864,0.017490521803696552
A12,0,1,27,7,0.05040985583138488,0.5724606046443552,0.008252764935772492,0.04215709089561239,300,300,false,0.03162693997664591,0.026635551051926627,0.0026535090775034464,0.15220922542187673,0.03892405362897163
A12,0,2,27,7,0.020903900256487317,-1.1166534076170485,0.06107395250686804,-0.04017005225038073,53,23,true,0.01625884224158373,0.031278198609525354,0.0049633071479082335,0.027446508797453844,0.024572644485965404
A12,0,3,27,7,0.020899689073694817,0.7312444427437188,0.011510330173731669,0.009389358899963148,211,181,true,0.0788218515681814,0.0018747124807212579,0.004787378058573331,0.007810721518415001,0.011203781742583086
A12,0,4,28,6,0.018998610968382006,0.7750517156055142,0.006383231223867167,0.012615379744514838,300,300,false,0.015154615554468518,0.019523255892277255,0.016573889843343115,0.015052619538723859,0.028688674013097302
A12,1,0,27,7,0.019327424195758544,0.6932806780047258,0.009288208236101521,0.010039215959657023,300,300,false,0.04790433378763354,0.0027642486936232014,0.009161980294464986,0.013982920763167737,0.022823637439903236
A12,1,1,27,7,0.013659993548427014,0.4492106157726049,0.036687544502237567,-0.023027550953810552,67,37,true,0.012663931856941573,0.009431686147831856,0.02822384345296821,0.013391950812495274,0.004588555471898159
A12,1,2,27,7,0.03193132880135871,-0.9744614636757649,0.043652431979705114,-0.011721103178346404,63,33,true,0.031230720752712056,0.060013341662473144,0.018137124243802965,0.03650115009480513,0.013774307253000325
A12,1,3,27,7,0.00855159735327218,0.6736060155394221,0.0068616185010720275,0.0016899788522001524,300,300,false,0.0030248891267691505,0.024754430747151307,0.005761926679364924,0.0018835328256194151,0.007333207387456089
A12,1,4,28,6,0.20960533712664714,-0.21468658379377414,0.011057098056252272,0.19854823907039487,144,114,true,0.08177835043426586,0.06458404139876277,0.14034949991394954,0.7290012568163492,0.03231353706990805
A12,2,0,27,7,0.013018392259198347,0.8278496809870507,0.0072962463469928495,0.005722145912205497,300,300,false,0.006571395642093317,0.015207716404078685,0.007866494203310152,0.015267081316173242,0.020179273730336324
A12,2,1,27,7,0.013134336689321346,0.8257087816120436,0.005627182840222717,0.00750715384909863,300,300,false,0.03983341482409613,0.0020283019595894007,0.0020138645013101273,0.004323213615593399,0.01747288854601767
A12,2,2,27,7,0.010907028235237823,0.6694375447280075,0.008877795655565924,0.0020292325796718996,300,294,false,0.01106180948216595,0.004348441951580426,0.008661359905361455,0.009720493734690127,0.02074303610239115
A12,2,3,27,7,0.02953567461057415,0.28845592409260135,0.03456793260337455,-0.005032257992800396,71,41,true,0.030972726726303183,0.013724839465707888,0.06128290534759863,0.024917495502738137,0.016780406010522952
A12,2,4,28,6,0.041693601160668566,0.676295560731853,0.007232195581224832,0.03446140557944374,300,300,false,0.020197146324700446,0.017857732599852363,0.01249324640199523,0.12088676155007627,0.037033118926718483
A13_linear,0,0,27,7,0.19793048831932986,-3.6853841804188345,0.1868339276802304,0.011096560639099445,300,300,false,0.03943513178693229,0.18185967373730896,0.1719263150769323,0.015305889792327903,0.581125431203148
A13_linear,0,1,27,7,0.2610472560806402,-1.214011212356624,0.18392263513619744,0.07712462094444278,216,186,true,0.05704950766978163,0.13187300118878395,0.07729815414287826,0.7453968361921385,0.29361878120961865
A13_linear,0,2,27,7,0.0545721920453969,-4.525782980052913,0.07309938436819434,-0.01852719232279744,300,300,false,0.013094979791652613,0.005043832399088738,0.01742284031954167,0.005156750659210696,0.23214255705749073
A13_linear,0,3,27,7,0.06364114819639208,0.1816188179814312,0.04362704618482419,0.020014102011567884,300,300,false,0.08361261269330252,0.015445881459971835,0.08569879152586161,0.09878993578298897,0.03465851951983552
A13_linear,0,4,28,6,0.33815737381304073,-3.003867504902469,0.15717676870974398,0.18098060510329675,300,300,false,0.023102186317056395,0.04882001276961075,0.08029243719263075,0.07460999858372519,1.463962234202181
A13_linear,1,0,27,7,0.10751770576999571,-0.7062676061871467,0.07564767010706938,0.03187003566292633,300,300,false,0.15047301196148816,0.07017314182795907,0.04747006449742652,0.013111065135138175,0.2563612454279667
A13_linear,1,1,27,7,0.14373933274464454,-4.795763979756496,0.1739434094938832,-0.030204076749238667,300,300,false,0.028027093462801547,0.22110212269899726,0.05477105164813073,0.02189039721525282,0.39290599869804055
A13_linear,1,2,27,7,0.08988511246249789,-4.558011438215267,0.0778534135992956,0.012031698863202295,300,300,false,0.025732814867758847,0.004157391889745553,0.04898590322319163,0.0319928744506366,0.3385565778811568
A13_linear,1,3,27,7,0.06319059058235697,-1.4118334608797518,0.04962476549316853,0.013565825089188445,300,300,false,0.015948673261565707,0.17544744378111704,0.04636705143333954,0.06879031307689674,0.009399471358865968
A13_linear,1,4,28,6,0.4064994160958386,-1.355709992027895,0.1618411551610269,0.24465826093481172,300,300,false,0.14715956146474432,0.017869745124341568,0.2464749373736774,0.9222507631012723,0.6987420734151573
A13_linear,2,0,27,7,0.08308160320457401,-0.09863984822465421,0.08753138592762852,-0.0044497827230545045,300,300,false,0.022703327219940842,0.03865167448768282,0.02291181643242988,0.14666461975156173,0.18447657813125473
A13_linear,2,1,27,7,0.21589689730655937,-1.8649283300566912,0.12465002732170073,0.09124686998485863,300,300,false,0.1251126855432408,0.14361633655327344,0.053168604381991814,0.08387526663691036,0.6737115934173803
A13_linear,2,2,27,7,0.1324864200748643,-3.0153042025373287,0.21050414739234172,-0.07801772731747741,300,300,false,0.002679507220535867,0.004797550074703275,0.05557079161493487,0.012378360271478928,0.5870058911926685
A13_linear,2,3,27,7,0.13644796132706316,-2.28716847784999,0.09575521691953023,0.04069274440753293,300,300,false,0.018677577967168426,0.05755037943368853,0.08319845665094482,0.04398480571628684,0.47882858686722723
A13_linear,2,4,28,6,0.6410299626184339,-3.976884673594215,0.27893032425143227,0.36209963836700165,300,300,false,0.04638534385755694,0.03426776122179683,0.320316439411763,0.3909516441422116,2.4132286244588417
A14_tiny4,0,0,27,7,0.04283422570319946,-0.013966090794819364,0.04288183126991881,-0.00004760556671935118,300,300,false,0.01604704399089257,0.10422468696732422,0.06357888076974037,0.024256048195855234,0.006064468592184877
A14_tiny4,0,1,27,7,0.13048968832442462,-0.10671775442049225,0.048171372489669434,0.08231831583475518,300,300,false,0.10496723218457162,0.0159837689517606,0.07792597800129762,0.3790193346327578,0.0745521278517355
A14_tiny4,0,2,27,7,0.026531545653640617,-1.6864884460830512,0.06615518017347842,-0.0396236345198378,300,300,false,0.039803663846426376,0.036083463431039284,0.019925977823932378,0.013305767712591236,0.0235388554542138
A14_tiny4,0,3,27,7,0.07601670328963069,0.022477732498710434,0.054270463131628095,0.02174624015800259,300,300,false,0.15561770639175346,0.03888267523626675,0.1568724092975817,0.0020909402612849224,0.02661978526126669
A14_tiny4,0,4,28,6,0.05093936190087327,0.39686527152847195,0.06512168134650256,-0.014182319445629296,300,300,false,0.02148126354644526,0.05566466041531857,0.032765790607601424,0.08082836901239379,0.06395672592260726
A14_tiny4,1,0,27,7,0.06050397921124941,0.039823450154152784,0.06241511046906736,-0.001911131257817944,300,300,false,0.10398784865704849,0.010523817693220664,0.13909043633443524,0.013158318199976583,0.035759475171566066
A14_tiny4,1,1,27,7,0.04453194433985616,-0.795588124873049,0.07051506222108005,-0.025983117881223886,300,300,false,0.05768127520790673,0.06160704483145264,0.0570091254865079,0.008424909800765639,0.03793736637264789
A14_tiny4,1,2,27,7,0.09405935903842502,-4.8161243734870975,0.08745208016552541,0.006607278872899608,300,300,false,0.034890957072031895,0.07254175735882343,0.03561192484889873,0.03573719701739265,0.29151495889497836
A14_tiny4,1,3,27,7,0.03386872569130201,-0.29268812250105514,0.09521532324513032,-0.06134659755382831,242,212,true,0.011930344561439479,0.03830855422154657,0.04619555891978262,0.034780900011789066,0.038128270741952304
A14_tiny4,1,4,28,6,0.22621226965787083,-0.3109256319982452,0.044976036251459184,0.18123623340641165,178,148,true,0.1489200235669892,0.0585613471764162,0.2496599286301443,0.651752108787337,0.02216794012846754
A14_tiny4,2,0,27,7,0.07054115463196904,0.06719032337845321,0.06218876809271229,0.008352386539256754,300,300,false,0.0509943431432565,0.07703003488731261,0.049717179946755057,0.09536218083381116,0.07960203434871004
A14_tiny4,2,1,27,7,0.05909683350336141,0.21579145123138543,0.06371600117182541,-0.004619167668464,300,300,false,0.1623039749114728,0.04123562255378372,0.05311179977806695,0.0019001352643582459,0.0369326350091253
A14_tiny4,2,2,27,7,0.036430522772228704,-0.10411037678656676,0.08179758382082163,-0.04536706104859292,300,300,false,0.013742335515932878,0.04807198914434376,0.061654600451095457,0.015374761853823983,0.04330892689594746
A14_tiny4,2,3,27,7,0.0698221507041802,-0.6820857608881701,0.06794433566547034,0.0018778150387098597,300,300,false,0.07558583332530926,0.10696294236141943,0.07940383426937789,0.01632543463766212,0.07083270892713225
A14_tiny4,2,4,28,6,0.15610214277975396,-0.2119595139396253,0.03099230894947405,0.1251098338302799,300,300,false,0.17091966362654784,0.021940392352831562,0.12702555155663228,0.4475819809963321,0.013043125366425948
A15_tiny8,0,0,27,7,0.034986211593654545,0.17181105485260284,0.03091878533999418,0.004067426253660366,300,300,false,0.02462164159213349,0.04941613380179897,0.07550497219876383,0.018265167993663397,0.007123142381913085
A15_tiny8,0,1,27,7,0.09305077344868992,0.21081164067008917,0.022157299900035815,0.0708934735486541,300,300,false,0.04572172662327684,0.0183550098415653,0.14532698263703567,0.2441975781080439,0.011652570033528034
A15_tiny8,0,2,27,7,0.03417270652350509,-2.4602047858521976,0.064090679116416,-0.02991797259291091,125,95,true,0.03894847598347937,0.009525295405474563,0.04257111887160574,0.04015876221784318,0.039659880139122645
A15_tiny8,0,3,27,7,0.04228681018470181,0.45622084636252636,0.02345577332041287,0.01883103686428894,300,300,false,0.10181084921738401,0.006991317102280471,0.03486104900998121,0.03697618759694364,0.03079464799691973
A15_tiny8,0,4,28,6,0.0793562822801527,0.06040185861202729,0.04755784941986074,0.031798432860291964,300,300,false,0.04907749760465901,0.06911144395060774,0.044905762903160014,0.06990396868287957,0.16378273825945722
A15_tiny8,1,0,27,7,0.03427666807721169,0.45604151456423214,0.03766643978725502,-0.0033897717100433294,300,300,false,0.07826733299697461,0.009515937868678404,0.049223306323281424,0.014712117164762981,0.019664646032361083
A15_tiny8,1,1,27,7,0.021716476355812253,0.12436235074327828,0.027611474433645984,-0.005894998077833731,300,300,false,0.020255463359508594,0.00390843215875218,0.03168593560135178,0.023514274395506372,0.029218276263942317
A15_tiny8,1,2,27,7,0.0389533068833666,-1.408662783888611,0.035546263751828004,0.003407043131538598,300,300,false,0.025202572402626907,0.04519523482514295,0.03883123154245312,0.07443854422416808,0.011098951422441966
A15_tiny8,1,3,27,7,0.029030447403217214,-0.10802263099813225,0.04173276744360407,-0.012702320040386853,300,300,false,0.01039444306911132,0.07954972040674634,0.017617428482322294,0.02438155437823365,0.013209090679672422
A15_tiny8,1,4,28,6,0.23658670373589066,-0.37104664829378664,0.015963035631849858,0.2206236681040408,300,300,false,0.23608403089932614,0.012277823760783103,0.11687278578325831,0.6245224871110235,0.1931763911250619
A15_tiny8,2,0,27,7,0.031072919514240523,0.5891034084288992,0.036991018747900534,-0.005918099233660011,300,300,false,0.017327448992634432,0.03556620636510427,0.04411510221463433,0.048891780437361136,0.009464059561468435
A15_tiny8,2,1,27,7,0.04850200962579014,0.3563836109960308,0.02946426013663051,0.01903774948915963,300,300,false,0.06505558727090942,0.025437682081750377,0.06335259798381936,0.04481204433877737,0.04385213645369417
A15_tiny8,2,2,27,7,0.015760897779168444,0.5223299183969506,0.03195820551586966,-0.01619730773670122,300,300,false,0.005016630902418008,0.021824870604757438,0.031129708661043278,0.009301659388653098,0.011531619338970402
A15_tiny8,2,3,27,7,0.04271696046926885,-0.02909449550195764,0.034476314982028446,0.008240645487240406,300,300,false,0.03155128910103171,0.018966150320588588,0.05754070453088139,0.04726977943931708,0.05825687895452546
A15_tiny8,2,4,28,6,0.07978414154504085,0.3805648808841394,0.014465760979237822,0.06531838056580302,300,300,false,0.04632894451471898,0.0079221324218266,0.0747527639243718,0.25064611961089095,0.019270747253395847
A16_wide128,0,0,27,7,0.01714221891930857,0.5942116748975808,0.012577572605966066,0.004564646313342505,228,198,true,0.011071622201029457,0.00470483079763384,0.009735460652620457,0.04661759322563127,0.01358158771962782
A16_wide128,0,1,27,7,0.042744439240074115,0.6374730416082739,0.008268759389353205,0.03447567985072091,300,300,false,0.02713796955809587,0.023920305556347637,0.011368112615085095,0.12058838826099405,0.030707420209847937
A16_wide128,0,2,27,7,0.01402283823435648,-0.4199019306936238,0.048575950940946924,-0.03455311270659044,53,23,true,0.005034193074843185,0.02559454069149909,0.013456612920511951,0.016373746243861214,0.009655098241066959
A16_wide128,0,3,27,7,0.016647933923088606,0.785919075499699,0.01173412578041621,0.004913808142672395,251,221,true,0.047014318447514636,0.0036076317492845377,0.0019481012634757053,0.00600210020733277,0.02466751794783537
A16_wide128,0,4,28,6,0.012571141662479595,0.8511545525848694,0.01274296895403232,-0.0001718272915527258,300,293,false,0.008411839838574997,0.009115648779021783,0.005552864835148192,0.022912335363469757,0.016863019496183244
A16_wide128,1,0,27,7,0.020830143201291736,0.66943306386545,0.01115914773058903,0.009670995470702706,300,283,false,0.03928849811355447,0.003860404260228449,0.007162584780813026,0.021727358857104407,0.03211186999475833
A16_wide128,1,1,27,7,0.0047907385580734365,0.8068309526617925,0.014409825588037892,-0.009619087029964456,300,300,false,0.003281328372936295,0.0035822483379965753,0.0009664219336146262,0.013333042348370116,0.002790651797449573
A16_wide128,1,2,27,7,0.029285307470480547,-0.810845750017751,0.034076622851166034,-0.0047913153806854875,59,29,true,0.019128487779682752,0.010855666016102756,0.07191380035300603,0.027960161565127043,0.016568421638484137
A16_wide128,1,3,27,7,0.028464176459870223,-0.08640942566959176,0.02509658569433772,0.003367590765532502,80,50,true,0.0049894380625690226,0.036988489303259396,0.04633953590814142,0.03292911904111176,0.021074299984269525
A16_wide128,1,4,28,6,0.14388182550128428,0.16618858334429176,0.00511463121353554,0.13876719428774875,300,300,false,0.08525108844349827,0.03515868052557443,0.0076552796842732605,0.5393877361384604,0.05195634271461519
A16_wide128,2,0,27,7,0.011616507690393288,0.8463876748448255,0.013465386982907154,-0.0018488792925138667,170,140,true,0.007869450971465455,0.012376279344199456,0.0027283947070703735,0.020218325990475267,0.014890087438755886
A16_wide128,2,1,27,7,0.014956786974023247,0.801525064680954,0.012230191142009716,0.002726595832013531,300,300,false,0.03950607010655725,0.003603064420171508,0.0009939662820858722,0.006184912256757415,0.024495921804544185
A16_wide128,2,2,27,7,0.010698280309279502,0.675764128417851,0.013749355011954179,-0.0030510747026746762,190,160,true,0.006273165233228067,0.004195070005412052,0.009856416915488242,0.01595514958666978,0.017211599805599376
A16_wide128,2,3,27,7,0.037148134969997915,0.10506410578320435,0.03134934595990302,0.005798789010094896,57,27,true,0.03337179539787584,0.026292376611997934,0.0657201675348592,0.05281310533160412,0.007543229973652495
A16_wide128,2,4,28,6,0.047784513730039474,0.6290063992535332,0.009003489221881473,0.038781024508158,300,300,false,0.032733394600414356,0.0074828726112129,0.006147839017131032,0.17365652869995155,0.018901933721487515
