split,HC_pred_norm,HC_pred,NOx_pred_norm,NOx_pred,CO2_pred_norm,CO2_pred,PM_pred_norm,PM_pred,eta_pred_norm,eta_pred
train,0.5442020297050476,7.246823012684785,0.9207718372344971,1348.8570139761746,0.21174493432044983,7.822987148660165,0.09583447128534317,0.02860849512204547,0.9405461549758911,0.38549014159777034
train,0.5181511640548706,7.062141935932656,0.8221196532249451,1279.6776155120845,0.2627057135105133,7.955125942895909,0.09628871083259583,0.028672997140290223,0.8657150268554688,0.381744636949406
train,0.5590855479240417,7.3523359813306115,0.6908243894577026,1187.607404803699,0.2291620671749115,7.868148917593264,0.0869467705488205,0.027346441567861566,0.7984176874160767,0.3783762192330894
train,0.6288689970970154,7.847048237952098,0.5481964945793152,1087.5902377136022,0.1629812866449356,7.696545408388748,0.0682663694024086,0.024693824500825377,0.7287655472755432,0.37488993723764674
train,0.6112348437309265,7.722035331471605,0.43523624539375305,1008.3773731686645,0.1926039159297943,7.773355429310816,0.05790254473686218,0.023222161340482616,0.6476535797119141,0.3708300592272732
train,0.6259673237800598,7.826477552902534,0.3129831552505493,922.6479458742405,0.18154549598693848,7.744681490241878,0.03809984773397446,0.020410178255563904,0.5698827505111694,0.3669374144202916
train,0.5776160955429077,7.4837036499913845,0.21101447939872742,851.1428724850308,0.23091715574264526,7.872699775935762,0.029056258499622345,0.019125988533818288,0.4871911108493805,0.362798469458301
train,0.5714451670646667,7.439956400620645,0.09785672277212143,771.7915067391234,0.23093852400779724,7.872755182796429,0.009422056376934052,0.01633793172282818,0.4090729355812073,0.3588884390212638
train,-0.020016007125377655,3.2469407836615325,-0.0475887730717659,669.7985096979509,0.7645156383514404,9.256294399459424,0.933700442314148,0.1475854676838343,-0.06923630088567734,0.33494774063089205
train,0.5111328363418579,7.012387262270605,0.1575910896062851,813.6799616852463,0.33240950107574463,8.135864436084606,0.2186770737171173,0.04605214535287871,0.4280582368373871,0.3598387057871368
train,0.42406266927719116,6.395125155804628,0.3671169579029083,960.6090304833897,0.419906884431839,8.362740848086393,0.14752604067325592,0.03594869826359311,0.5344158411026001,0.36516219764366975
train,0.5166687369346619,7.051632640754404,0.479795902967453,1039.6246317840025,0.2941112816333771,8.036559036541636,0.07291553914546967,0.02535400663028467,0.6429703831672668,0.37059565230507696
train,0.5940227508544922,7.6000145169519175,0.3872128129005432,974.7011580355111,0.25330841541290283,7.930759211079253,0.06527489423751831,0.024269035010717074,0.5651417374610901,0.3667001136223075
train,0.660539984703064,8.07157175941322,0.2777176797389984,897.9181904518671,0.21603094041347504,7.8341005516775555,0.06423210352659225,0.024120958723946297,0.47081688046455383,0.36197889400139943
train,0.6466606855392456,7.973177949834711,0.4029601812362671,985.7439289563491,0.16091889142990112,7.691197719022857,0.05220681428909302,0.022413367585114457,0.638857901096344,0.370389811218622
train,0.059028007090091705,3.8073034929914726,0.817334771156311,1276.3222385728607,0.8456399440765381,9.466645734586113,0.08365742862224579,0.026879354995931835,0.5696427226066589,0.3669254003607062
train,0.543938398361206,7.244954064408744,0.4690125584602356,1032.062860152387,0.26368623971939087,7.957668399134154,0.06854017078876495,0.024732704299215924,0.646245539188385,0.3707595829100182
train,0.42240506410598755,6.383373979780053,0.5519233345985413,1090.203667444433,0.3942074775695801,8.296103549965668,0.08071165531873703,0.026461055170394744,0.6460332274436951,0.37074895612078473
train,0.7782906293869019,8.90633541527357,0.32492923736572266,931.0250820018126,0.03719720244407654,7.3703934640011015,0.024036817252635956,0.018413227848735305,0.6222127079963684,0.36955667332941966
train,0.5066425800323486,6.980554716616692,0.5275540351867676,1073.1148062983425,0.25616395473480225,7.938163484108149,0.07287529110908508,0.025348291408893456,0.7117940187454224,0.37404046535881685
train,0.5898131132125854,7.570171346944307,0.45054709911346436,1019.1140401865862,0.21337544918060303,7.827214993505327,0.061168476939201355,0.023685923731440267,0.6503533124923706,0.37096518830968217
train,0.13654471933841705,4.356838778173383,0.7685074806213379,1242.0823216186272,0.7429251670837402,9.20031136926173,0.08101780712604523,0.026504528728740984,0.5989237427711487,0.3683909962950406
train,0.02613218128681183,3.5740967884012584,0.86179518699646,1307.4999043707817,0.8890376091003418,9.57917374573572,0.07235248386859894,0.025274052777826905,0.5666353106498718,0.3667748710857023
train,0.35358694195747375,5.895505166930807,0.627411961555481,1143.1397261459367,0.46711739897727966,8.485155390533183,0.07831816375255585,0.026121179354640173,0.6543530821800232,0.3711653878300393
train,0.5288059115409851,7.137676095322261,0.5434007048606873,1084.2272118340857,0.2584836483001709,7.9441783354427615,0.06665880978107452,0.024465551025624976,0.6823955774307251,0.37256899217159367
train,0.5632768273353577,7.382049005267902,0.5896809101104736,1116.680996736251,0.19406968355178833,7.777156092669547,0.06774236261844635,0.024619415534578526,0.7181039452552795,0.37435629460885134
train,0.6057711243629456,7.683301663673378,0.6338732838630676,1147.6706992309134,0.11408814787864685,7.569767904087205,0.07617679238319397,0.025817104608240896,0.7546666860580444,0.37618636077347356
train,0.5312730073928833,7.155165952453983,0.6941470503807068,1189.93740576882,0.18728762865066528,7.7595705578461365,0.0798841118812561,0.02634354399765436,0.7637225985527039,0.37663963420654734
val,0.014558125287294388,3.492045421929074,-0.3823402225971222,435.0555676572139,0.634844183921814,8.920062695245864,1.0494874715805054,0.16402722648580484,-0.22655290365219116,0.3270736101490071
val,-0.20346114039421082,1.946452531487244,1.003465175628662,1406.8453440322216,1.189247727394104,10.357603818414876,0.09349758177995682,0.02827665679923963,0.46296223998069763,0.36158574755041756
val,0.8986519575119019,9.759606856458491,0.24611534178256989,875.7571936950906,-0.06593133509159088,7.10298623793742,-0.008174747228622437,0.013839185512640458,0.5950046181678772,0.368194833283901
val,0.43571603298187256,6.477738754356971,0.5740330815315247,1105.70802762027,0.2903858721256256,8.026899232900238,0.07731923460960388,0.025979331410766485,0.7532669305801392,0.3761162991456356
val,0.8480985164642334,9.401220918287365,0.09280390292406082,768.2482396422449,0.03650441765785217,7.368597107120938,0.016585685312747955,0.017355167071690276,0.388376384973526,0.3578525194988235
val,0.5531206727027893,7.3100494948335495,0.7254251837730408,1211.8710555393282,0.13730314373970032,7.629963246662844,0.08831445872783661,0.027540653296914217,0.7891294360160828,0.37791131659607624
test,0.4978156089782715,6.917978119715169,1.0440889596939087,1435.3325891265295,0.2509785294532776,7.924717931367586,0.09947533905506134,0.029125498365663256,0.995417594909668,0.38823660872310445
test,0.5490209460258484,7.280985511039147,-0.007232842966914177,698.0979234123213,0.24240580201148987,7.902489270709855,-0.005470216274261475,0.014223228923252309,0.3302956819534302,0.35494541989193323
test,-0.04852510243654251,3.0448327044139156,-0.5717799663543701,302.211802971286,0.6156091690063477,8.870187247530342,1.0698367357254028,0.16691682210793907,-0.3162837028503418,0.3225823358098408
test,-0.21934297680854797,1.833862236439562,1.0369120836257935,1430.2998371988533,1.211246132850647,10.414644601902413,0.07660923153162003,0.025878510969730616,0.46649807691574097,0.36176272595510967
test,1.0386515855789185,10.752099098501839,0.15566234290599823,812.3274367730504,-0.17952090501785278,6.808454069348845,-0.05176980793476105,0.007648686649087189,0.5573813319206238,0.36631168389052216
test,0.5383344292640686,7.205226131339542,0.7677258253097534,1241.5341893618042,0.13413840532302856,7.621757235587329,0.09423387795686722,0.028381210860469797,0.8076025247573853,0.37883594571083246
