SOI,lambda,sub_rate,P_rail,density_ratio,validity_eff_nox
0.98422605,0.8335611,0.8771414,0.5613026,0.0652623587843083,1.0
0.14990582,0.6320244,0.38523886,0.8052139,0.008947959241127897,1.0
0.8028719,0.114549614,0.1256292,0.96707326,1.0500862844985883e-7,1.0
0.93835616,0.12817724,0.9965566,0.81877273,1.6866754192651943e-6,0.39763462563710733
0.6484454,0.5639362,0.61817235,0.20836833,0.009699568296097938,1.0
0.1332419,0.87164545,0.7730293,0.37210688,0.005991688769129339,1.0
0.22322161,0.89180535,0.8385333,0.5899562,0.18851826714650932,1.0
0.45984572,0.050316952,0.68425524,0.7570325,0.30989831597185896,0.47224316599706223
0.85867417,0.6046295,0.8475304,0.39781052,0.003030419673413374,1.0
0.7188701,0.44252428,0.21977308,0.5653302,0.0008731741408620525,1.0
0.35056284,0.66016734,0.94529974,0.88168764,0.06666586183396869,1.0
0.60516775,0.34919524,0.20261252,0.49771166,0.0013659998934003588,1.0
0.5233175,0.26186025,0.4388001,0.73899263,0.01589821685685418,1.0
0.10921308,0.006335149,0.15029484,0.36221927,1.3439261111303625e-7,1.0
0.75254107,0.46743125,0.4008602,0.52188545,0.0015020623669464296,1.0
0.4623316,0.9195289,0.71743476,0.413235,0.07425478204000245,1.0
0.44536528,0.25344643,0.5884408,0.18869606,0.0012883976026148718,1.0
0.22796918,0.7015633,0.9687854,0.92759144,0.00884744530463208,1.0
0.4121466,0.5907661,0.44394168,0.39371863,0.019600059644921567,1.0
0.3877064,0.8093381,0.78844297,0.0882161,0.06535358112357376,1.0
0.5173357,0.7585936,0.688186,0.18083303,0.06426400989525287,1.0
0.48497728,0.5379099,0.9972776,0.33653814,0.004823100073663687,1.0
0.7828387,0.44349897,0.11484769,0.27230367,4.7509222615819894e-7,1.0
0.25155383,0.30561897,0.2146985,0.6533697,0.0044996419551862135,1.0
0.1726382,0.5049124,0.675882,0.104038104,0.007746585264306422,1.0
0.6040914,0.40130028,0.43973413,0.33003083,0.0009131356665607494,1.0
0.01622125,0.5392831,0.49955064,0.63072777,0.03207604140411616,1.0
0.024903608,0.8790974,0.41954422,0.38279763,0.00018132313339556683,1.0
0.811694,0.00042078044,0.95182323,0.9281434,0.000013606481819340757,0.13821473996101624
0.56924146,0.7772805,0.9825679,0.8253727,0.08783931890002797,1.0
0.6544159,0.47135016,0.42891556,0.65958416,0.021632140699967096,1.0
0.111958385,0.565506,0.26267013,0.9648555,0.00004083772896856014,1.0
0.19389659,0.28141236,0.18482941,0.15107489,8.442481322472265e-8,1.0
0.09041894,0.9246531,0.8094091,0.9799772,0.0017813350014314342,1.0
0.25804144,0.5825177,0.24821727,0.27491727,0.000050103314778648464,1.0
0.07651334,0.7785093,0.9900622,0.14642827,0.00003597044783664212,1.0
0.07552651,0.575733,0.68666846,0.84347934,0.04720536310990111,1.0
0.9375611,0.6459784,0.6271737,0.10810384,8.962302594640315e-6,1.0
0.44885975,0.80744594,0.51889145,0.53932774,0.20356207476038923,1.0
0.47771877,0.5363406,0.973273,0.6812314,0.32398942763941196,1.0
0.6718923,0.670084,0.48576978,0.8999626,0.008599480402556288,1.0
0.59244514,0.13762908,0.82817024,0.78619176,0.06584714893097594,0.18295661960698947
0.17668286,0.4180471,0.18370908,0.91048497,0.0002765789927371473,1.0
0.780744,0.734064,0.099835396,0.69395506,0.0010255060419957452,1.0
0.8885649,0.6120076,0.18510832,0.05925139,2.41051182899008e-9,1.0
0.6751092,0.5781066,0.30648115,0.17768407,0.000022235564534856162,1.0
0.620228,0.88633835,0.72162634,0.84090555,0.13009034603121925,1.0
0.2872532,0.5717375,0.5460632,0.86275905,0.057651244099528307,1.0
0.63587725,0.068168886,0.9398467,0.24582073,3.6375094825956003e-6,0.39650380691722825
0.41340062,0.094125435,0.35880357,0.8026897,0.0018202709140823802,1.0
0.4512226,0.74402815,0.49549925,0.028856102,0.028336083829479563,1.0
0.38098606,0.5897703,0.57886815,0.82432234,0.21154432878711663,1.0
0.89087814,0.77249366,0.016305737,0.18941888,6.453853816934646e-10,1.0
0.6878002,0.121195875,0.04528459,0.30026102,3.1244598284621895e-7,1.0
0.05186894,0.056876246,0.14507243,0.19060242,2.310318859491693e-10,1.0
0.8866991,0.8355114,0.90033716,0.47304437,0.015113042429073678,1.0
0.72071356,0.9480752,0.38297513,0.5584448,0.004918203638250317,1.0
0.502366,0.8378941,0.71085966,0.06958088,0.07357110253320423,1.0
0.6360338,0.069403954,0.350067,0.8381956,0.00017526176290133912,1.0
0.7975326,0.21821524,0.5049822,0.24089086,1.2227465598314193e-6,1.0
0.40517056,0.36220318,0.39676735,0.76646924,0.026804852861855973,1.0
0.690394,0.024132261,0.7713969,0.04958743,3.2123890885368405e-7,1.0
0.74262583,0.5885741,0.30034807,0.2981325,0.00001254354034348046,1.0
0.0465461,0.8727522,0.6977633,0.12525399,0.0001635221744523928,1.0
0.074183434,0.3838947,0.92893344,0.8954056,0.00043197928053949824,1.0
0.9598538,0.68017536,0.93468964,0.30585614,0.0000735879740731888,1.0
0.48707902,0.59483445,0.3847153,0.040846385,0.0029223192152944334,1.0
0.11688451,0.6499789,0.7759446,0.32882535,0.005880197964320404,1.0
0.9519466,0.40340886,0.17931929,0.33760637,1.192300238263956e-8,1.0
0.181682,0.14249547,0.827125,0.34314886,0.00028906060975481343,0.5451542628535909
0.028956525,0.2568185,0.28176326,0.7197506,0.00003116339652160079,1.0
0.82842875,0.15858373,0.95095074,0.043626387,3.3938800223597196e-8,1.0
0.32747623,0.8598983,0.41716653,0.91594803,0.008835083541885386,1.0
0.95507514,0.22690089,0.42215642,0.21109734,2.646673251658438e-9,1.0
0.015020429,0.733198,0.6692205,0.6243575,0.2586116906550438,1.0
0.762221,0.23786545,0.8934639,0.39448577,0.0000928099034209621,0.6611175617130132
0.43414244,0.2885372,0.8186149,0.85936046,0.04932459619384,0.5299428916980614
0.17173354,0.31586024,0.94952214,0.18358311,0.00006026263356831858,1.0
0.05876743,0.3866325,0.8046336,0.8046725,0.007203207860539846,1.0
0.14362054,0.83131427,0.8157031,0.37605113,0.007033572912674479,1.0
0.42308366,0.2485191,0.97567165,0.7714646,0.0274806065742065,0.24634149880374007
0.08215144,0.2623474,0.17719561,0.95246726,4.326894308617528e-6,1.0
0.12536708,0.56671184,0.5232651,0.8977976,0.0069452769530733306,1.0
0.7543052,0.57713926,0.5398679,0.34838563,0.0016345271812943387,1.0
0.8559049,0.98027426,0.6019155,0.02906406,0.000041060852800673445,1.0
0.93386257,0.5190411,0.6461991,0.5904063,0.05216849242048313,1.0
0.39021736,0.4002049,0.607054,0.6907466,0.3278331474694097,1.0
0.18840992,0.84590495,0.8083838,0.5318287,0.12887788935833794,1.0
0.83443505,0.36342758,0.272534,0.019477367,3.636318857390039e-8,1.0
0.9032361,0.5762008,0.37850785,0.0044004065,6.595555978798132e-7,1.0
0.12806876,0.0118802665,0.6588829,0.5569123,0.011131784100112998,0.6890576568438485
0.36234215,0.7375814,0.53322566,0.8423288,0.12730525709549895,1.0
0.36466637,0.45410162,0.89423746,0.79272944,0.14562320279384078,1.0
0.7966358,0.6016856,0.7728424,0.8448522,0.04099454351170757,1.0
0.8470639,0.4275621,0.5036167,0.4242703,0.0005320447698919271,1.0
0.243447,0.14706387,0.2512197,0.39552063,0.000011229815997546978,1.0
0.18462364,0.11301337,0.04328224,0.7110488,0.0007145591962811768,1.0
0.45888153,0.30214947,0.8173629,0.34087807,0.005478610656587928,0.8076968456497592
0.68041176,0.4583139,0.8609877,0.14554568,0.000985190526381957,1.0
0.8791746,0.70270467,0.7845414,0.2855577,0.0003518272730613774,1.0
0.5656981,0.76308155,0.51521873,0.6098894,0.24526421182017794,1.0
0.75100297,0.3371208,0.8437161,0.5161631,0.0031409749969015747,1.0
0.96589357,0.2830009,0.7463343,0.7213499,0.0010619395318476259,1.0
0.7959096,0.28610298,0.693971,0.59175915,0.004762844352297274,1.0
0.28685698,0.37922323,0.1518018,0.48808935,0.0055800116916367316,1.0
0.9643437,0.82596385,0.7629946,0.38494834,0.0061393459117901495,1.0
0.27439407,0.19219851,0.5357615,0.7241506,0.04611686202301483,0.9273423359526453
0.17894277,0.55319905,0.011072204,0.6172279,0.016670603605223676,1.0
0.5663019,0.15316202,0.30195984,0.04179822,6.36139557901999e-7,1.0
0.39787507,0.37249547,0.5652548,0.25037,0.010532620071178849,1.0
0.28914887,0.5858448,0.8362654,0.42780694,0.058457966780369595,1.0
0.89472926,0.18929009,0.5290198,0.44438845,0.000014187053224546733,1.0
0.6309455,0.8473837,0.50795764,0.98011583,0.007173955285958236,1.0
0.5392904,0.15282688,0.74090827,0.41281646,0.013803909296574168,0.4679401150058891
0.49501997,0.60354143,0.50621593,0.3123636,0.03307994486152954,1.0
0.9874276,0.10485487,0.46805397,0.9916987,2.291370963851325e-8,1.0
0.276422,0.32530022,0.095350765,0.4200594,0.0014832212235314686,1.0
0.59585154,0.9024916,0.54859596,0.59652585,0.15743532115888997,1.0
0.5418808,0.2068659,0.62572193,0.9196953,0.009711572828320322,0.649440992939548
0.7615721,0.95438904,0.47936538,0.37358817,0.0004662742047067856,1.0
0.25259122,0.7867824,0.091411695,0.48368296,0.0021315228055016813,1.0
0.5799639,0.4345816,0.8355259,0.8237744,0.06065522948103158,1.0
0.18242754,0.7044342,0.165298,0.97535205,0.00006598313776089637,1.0
0.33134755,0.32268378,0.20321257,0.94545084,0.00029058034694511004,1.0
0.2855686,0.614374,0.53863937,0.37848726,0.03595060218349233,1.0
0.7142633,0.6941136,0.24407895,0.51749635,0.001654858505479546,1.0
0.29847974,0.5872001,0.7266855,0.8411626,0.18828036760439426,1.0
0.48950586,0.65688413,0.06892794,0.09815801,4.8634598303287415e-8,1.0
0.63494444,0.4227194,0.24366587,0.95782703,0.00009805265724298866,1.0
0.5986861,0.7792573,0.36398533,0.9991728,0.001004697557829141,1.0
0.38514346,0.72462773,0.9668464,0.9343992,0.030813845916524533,1.0
0.85788035,0.4216351,0.63804156,0.5520045,0.014018481002425824,1.0
0.4282279,0.99568903,0.67931235,0.1982946,0.010097756479295611,1.0
0.24061216,0.5203591,0.58998924,0.5687909,0.14976109686250394,1.0
0.9744749,0.93083626,0.5738341,0.1501637,8.100659318029583e-7,1.0
0.76401085,0.83844405,0.44116092,0.49600968,0.005972736559491194,1.0
0.3058584,0.19655176,0.010607427,0.24891995,3.0868117430619128e-6,1.0
0.43224466,0.65356624,0.13553068,0.6988493,0.07638443490492886,1.0
0.25381908,0.7050929,0.34795535,0.9857671,0.0009855921742825604,1.0
0.5377079,0.8655098,0.9784136,0.1575067,0.0023896165415517546,1.0
0.7639159,0.55475634,0.5681564,0.7543624,0.0600957257765753,1.0
0.66435087,0.4853298,0.3362371,0.5139419,0.0025673088067149235,1.0
0.7756334,0.41146046,0.69566154,0.9491555,0.0009022371591382657,1.0
0.96251744,0.04323137,0.976148,0.48249522,3.245359953402211e-7,0.34800512422246765
0.32909045,0.28041288,0.8951497,0.04765941,0.000831589170159178,1.0
0.7385012,0.9774686,0.913895,0.70560145,0.04509652689707936,1.0
0.6790827,0.95336914,0.1468225,0.46466115,0.0001865721962313107,1.0
0.010808397,0.8679752,0.85607255,0.8835518,0.008791753784795091,1.0
0.97669244,0.28740153,0.75099266,0.26872197,5.806513625088327e-7,1.0
0.023296967,0.12736623,0.8820182,0.9083796,0.000027514265070683008,0.5697417486085083
0.4695225,0.46023858,0.83109665,0.8482793,0.10447260484023121,1.0
0.97303677,0.146218,0.3121332,0.1438859,6.514464131056132e-12,1.0
0.6102676,0.8905599,0.2974469,0.100345895,0.000022971659534159383,1.0
0.76803017,0.87001544,0.15971178,0.84926623,0.00012536895681542593,1.0
0.94525003,0.4126535,0.33287612,0.67095906,0.0001367956289095221,1.0
0.43622264,0.3485103,0.19401446,0.583535,0.015516284322086845,1.0
0.55902207,0.69358844,0.27120632,0.23291518,0.00006483609989368893,1.0
0.37244454,0.9561979,0.7450753,0.73217744,0.49226992528432534,1.0
0.53596306,0.2036273,0.9719513,0.030890718,0.000026612224186066445,1.0
0.110324696,0.56228673,0.37322628,0.55313456,0.005145355003553634,1.0
0.86026055,0.7381991,0.024951037,0.6127655,0.0001249981044694066,1.0
0.51437813,0.037141874,0.6089955,0.41948536,0.012442064805879258,0.6901463355588507
0.08032271,0.1639704,0.5825986,0.68710434,0.003294982757452097,0.9049386745347517
0.48032838,0.46976236,0.23814721,0.87565196,0.0043840008414582085,1.0
0.048146654,0.42670107,0.34940967,0.9906031,9.934132808161883e-6,1.0
0.07772517,0.7731134,0.3398124,0.7259152,0.003816232737692096,1.0
0.60065806,0.8502824,0.54019254,0.71300125,0.2051348041251409,1.0
0.012703638,0.49659204,0.19986318,0.46642512,0.000025484809337300607,1.0
0.3940024,0.71029913,0.5344048,0.5506076,0.30432329972474326,1.0
0.4850847,0.04450308,0.73686564,0.93363464,0.014613550461602547,0.33858640349609814
0.7509328,0.15479802,0.76898235,0.48954672,0.0025053875531520055,0.4572619393078604
0.8533655,0.60665673,0.66857964,0.2040408,0.000130401492647658,1.0
0.75624806,0.37145916,0.27971545,0.788103,0.00013853059734234333,1.0
0.8377649,0.54367465,0.84409094,0.49347046,0.014217100492413632,1.0
0.54225767,0.42840925,0.6403466,0.63670063,0.2719905929987739,1.0
0.6847586,0.8586775,0.37684456,0.018125685,0.000138114090195606,1.0
0.8637168,0.68343854,0.89220804,0.5282162,0.03438096895269177,1.0
0.4735616,0.75452375,0.4610053,0.8013254,0.14395805236962425,1.0
0.41718537,0.18409744,0.16221242,0.6398148,0.004245396342103186,1.0
0.5134378,0.1748981,0.098347075,0.91204464,0.00029653824372363817,1.0
0.15848728,0.25256702,0.51496416,0.54004025,0.004078532651614718,1.0
0.683897,0.42595893,0.8217539,0.16993447,0.0008964840482996254,1.0
0.8675449,0.025483912,0.55068743,0.71094906,0.00014899029729518814,0.7976277050091883
0.8958884,0.9766155,0.9359395,0.9513018,0.0005687566630589323,1.0
0.647793,0.22969793,0.07960588,0.52758336,0.0009409045252913692,1.0
0.38499835,0.38288793,0.5271372,0.47099876,0.03077378390741237,1.0
0.8004918,0.3975105,0.11366691,0.045568675,3.805855521736038e-10,1.0
0.69221944,0.5591588,0.14173965,0.2826775,6.494911524226912e-6,1.0
0.6457575,0.98852015,0.48131675,0.53877175,0.01755888731454534,1.0
0.7606693,0.036069617,0.30595142,0.32753924,5.4750725977432664e-8,1.0
0.49128845,0.49784955,0.074952625,0.020861795,3.71434813731477e-8,1.0
0.6140812,0.03999074,0.22581168,0.07996871,1.4650881838728165e-9,1.0
0.21688937,0.46537986,0.17875837,0.21843079,1.6478259747298082e-6,1.0
0.4224098,0.94515055,0.70699525,0.36414662,0.04317579600941332,1.0
0.29238087,0.010837257,0.83222705,0.2881445,0.00017013865948095323,0.4957354469865221
0.029745737,0.049081206,0.8145456,0.46939656,0.00021918194111255062,0.6080236031216589
0.94301534,0.6116385,0.9101868,0.3746816,0.0006062685948206866,1.0
0.9922008,0.071399264,0.83978367,0.35858598,4.8068541029887823e-8,0.6267580687842408
0.21268237,0.9749219,0.92397016,0.13565353,0.00036683078038231363,1.0
0.12098096,0.9238345,0.46227482,0.4402919,0.0018036287273598144,1.0
0.63326144,0.78468287,0.12810998,0.13440616,6.862468779265929e-8,1.0
0.986874,0.3958563,0.9943069,0.9308271,0.000013452751635465139,1.0
0.5904927,0.9580082,0.266996,0.45898342,0.002467780622128331,1.0
0.8290069,0.027415361,0.5428731,0.006102698,6.351981347686132e-9,1.0
0.0041196197,0.065463796,0.09037821,0.14772682,1.8767808086855084e-11,1.0
0.7049495,0.21140543,0.71370524,0.8773364,0.0040985550461220014,0.5543897975188731
0.68516374,0.07398184,0.13240428,0.5887687,0.00003250270108431008,1.0
0.19612612,0.24274634,0.11038923,0.21744646,2.77865893102081e-7,1.0
0.60860384,0.09132238,0.95727426,0.7654331,0.012914374130859814,0.015209620613125535
0.14824158,0.80101657,0.124580726,0.98948544,9.70748891936645e-6,1.0
0.09498753,0.18820398,0.36747977,0.47559205,0.000036872762867377445,1.0
0.07090593,0.47511035,0.017604994,0.20231742,8.656084710578146e-8,1.0
0.8208506,0.19003846,0.79482156,0.17180046,4.808777149337258e-7,0.9984092593895214
0.335141,0.7660874,0.69078785,0.6345302,0.9999999995805275,1.0
0.9352665,0.8641216,0.76962095,0.37148297,0.003984752558474746,1.0
0.039258283,0.88526887,0.20821704,0.42143005,0.000010549506969467298,1.0
0.14189538,0.77109605,0.59413445,0.9062019,0.01954646427976571,1.0
0.16390014,0.1307956,0.9482564,0.94497687,0.00011991166254708187,0.23080748229854967
0.5300208,0.37562287,0.48828068,0.63311243,0.06739590487664089,1.0
0.20760538,0.074680865,0.12739126,0.996419,1.4309970856116733e-6,1.0
0.62759084,0.17039822,0.75206465,0.43253237,0.007937938168148643,0.4751203287353921
0.79980326,0.7296228,0.3286059,0.060868893,4.958587425908807e-6,1.0
0.9668371,0.48931545,0.23666053,0.4460451,1.5350199545075765e-6,1.0
0.5067564,0.88790107,0.4122465,0.98811895,0.0033662244125575525,1.0
0.09772189,0.6057979,0.7398142,0.58447796,0.17866963757202078,1.0
0.81953156,0.30674055,0.87695485,0.9545185,0.000043936626100951325,0.9137671467875654
0.27704066,0.4823475,0.6895045,0.03988931,0.03821522485329174,1.0
0.52074754,0.28970522,0.7832352,0.43412328,0.020533339473162996,0.7122681355892656
0.98509836,0.78701544,0.21701764,0.486047,5.23151648682687e-6,1.0
0.33292818,0.4738622,0.60569555,0.7434471,0.29878354732481927,1.0
0.80890304,0.9961542,0.42038324,0.19645764,3.867987715791402e-6,1.0
0.5198347,0.7647467,0.9558397,0.17614807,0.006439817301312928,1.0
0.74541575,0.29826486,0.92070395,0.5596287,0.0020977153302257326,0.7553338120235199
0.15959515,0.045239985,0.63722765,0.29779318,0.00006140874520468116,0.7681036994570102
0.18905847,0.07787935,0.5981039,0.26689962,0.000036321082410958334,0.8459873800497052
0.6287355,0.41515353,0.4678205,0.8635864,0.004820445364015874,1.0
0.30955014,0.9267547,0.08128975,0.97314864,0.00003519989746002785,1.0
0.4811254,0.123660676,0.70446914,0.012751593,0.00015494135372768638,1.0
0.6707552,0.25583875,0.85406,0.509112,0.008716575255343653,0.5578868881147528
0.05622264,0.30348232,0.4375094,0.6064702,0.000930390420411296,1.0
0.6774634,0.54856545,0.066868246,0.86687434,0.002819118001927827,1.0
0.8810477,0.31751797,0.5800468,0.96383643,0.000050467494248824454,1.0
0.7324456,0.8447923,0.8417468,0.35496995,0.004608280873149262,1.0
0.35588104,0.18208314,0.94167846,0.9593919,0.0010098125465656774,0.0970362483649056
0.709535,0.57059956,0.7434681,0.30281276,0.006790803814108787,1.0
0.1290114,0.1781817,0.10725839,0.34653124,4.412108387883106e-6,1.0
0.6748471,0.92507935,0.5116586,0.24994989,0.0011465298901389153,1.0
0.7986576,0.66120553,0.42537728,0.27924916,0.00007337834872243151,1.0
0.40720636,0.37078804,0.6330762,0.27556202,0.01845404594299827,1.0
0.622361,0.09299769,0.99800664,0.7347191,0.006339077916354753,0.06270729497299757
0.9939379,0.56154174,0.87887096,0.5058477,0.008008102311512588,1.0
0.5083677,0.4926071,0.16607815,0.5086808,0.01631741748885601,1.0
0.80527383,0.4365389,0.56334007,0.7954003,0.010438887276159376,1.0
0.42952722,0.6790499,0.17265728,0.091822766,3.2359593948760505e-6,1.0
0.093321905,0.501154,0.14495975,0.25955036,7.804625145133378e-7,1.0
0.30610752,0.3782504,0.2770082,0.14246859,0.000018653741378918792,1.0
0.77634,0.9716975,0.87405246,0.7076337,0.06298070380510815,1.0
0.05226149,0.50759685,0.30943817,0.88228023,0.00012168776212833764,1.0
0.043491066,0.35709292,0.087580696,0.35535294,5.84203171776859e-6,1.0
0.36365762,0.36159185,0.26855996,0.8558742,0.0025049309211500545,1.0
0.5919083,0.5813325,0.25034449,0.9013371,0.0020507517597361507,1.0
0.13598023,0.66567343,0.1648022,0.76322186,0.0019665793900863282,1.0
0.33013937,0.05175332,0.35433215,0.9098706,0.0001700670805306945,1.0
0.99572486,0.59186137,0.43071648,0.9533253,0.00013970095103368692,1.0
0.9130897,0.76879746,0.74145794,0.8902986,0.030640420548339667,1.0
0.13204707,0.8393899,0.3487449,0.015374522,0.000025846534369258904,1.0
0.7886795,0.64802384,0.14060032,0.2763146,5.855880807332773e-7,1.0
0.44497678,0.6435999,0.1731249,0.56038976,0.04206848943703645,1.0
0.18355605,0.06406406,0.987146,0.7486778,0.0026125294076238224,0.15935181060595596
0.49445546,0.046510175,0.0963678,0.9416659,0.000014516054347984725,1.0
0.5277558,0.9820873,0.4700761,0.16015668,0.0009518901142576841,1.0
0.6260218,0.985255,0.5702353,0.7082374,0.11248428825633323,1.0
0.1475194,0.91154355,0.9017598,0.30635518,0.0007003616346228563,1.0
0.5187107,0.5927422,0.39141405,0.19959001,0.0017777190995402407,1.0
0.36178115,0.40418395,0.86313945,0.1098323,0.006945548852933485,1.0
0.1429925,0.91866386,0.73720247,0.23316082,0.00130494469218133,1.0
0.05386167,0.08322567,0.9648843,0.61460996,0.0002957466387578931,0.40936767712515654
0.07300139,0.6718074,0.32784605,0.7515772,0.0027921812657059793,1.0
0.85038036,0.9790671,0.08201918,0.017930359,1.5152685026663808e-11,1.0
0.497862,0.29420927,0.6527294,0.65211517,0.26914667729529146,0.8227539554343689
0.006336547,0.078888156,0.6211675,0.5048236,0.00022821696667228697,0.8716619366827428
0.1265765,0.5294478,0.25549924,0.9773138,0.00003080808226709099,1.0
0.5503473,0.37400797,0.5760006,0.12048354,0.004334729942977748,1.0
0.1069048,0.11927216,0.059023336,0.54468167,0.00010379861474235856,1.0
0.12153879,0.079575226,0.6319486,0.26132774,0.000012109201310728796,0.8328666872319767
0.5256467,0.14321254,0.88316786,0.8921788,0.012032657528070001,0.07700746909215388
0.40258333,0.5236785,0.37025118,0.7491986,0.09296659025983842,1.0
0.8625087,0.61510694,0.9638561,0.22812094,0.000011460592837910485,1.0
0.8039039,0.22584647,0.33046615,0.3199325,1.164421569509882e-7,1.0
0.6899472,0.6649995,0.035563685,0.59422535,0.009385525021346925,1.0
0.81396514,0.64734775,0.29617688,0.065832,1.2484263083857345e-6,1.0
0.22185314,0.3181392,0.23717688,0.005461058,2.042359192210822e-6,1.0
0.2651808,0.9609072,0.5866055,0.9112622,0.015862102043837718,1.0
0.28374255,0.15724768,0.43249583,0.46824974,0.0018637457837775843,1.0
0.24853532,0.21363209,0.023780812,0.21679161,6.187895433902006e-7,1.0
0.7732485,0.4508811,0.789914,0.5108237,0.012451904787081844,1.0
0.90082467,0.6371769,0.5846015,0.2030096,0.000023005293459088055,1.0
0.8938628,0.42034647,0.19055127,0.6656071,0.000016570655475999347,1.0
0.9771249,0.030024404,0.34112713,0.6998077,6.309714204339523e-8,1.0
0.4727792,0.8113439,0.85871094,0.9782653,0.07942439174572917,1.0
0.4034336,0.9334491,0.111171454,0.26528946,3.5517793997669413e-6,1.0
0.65597343,0.95795053,0.66239846,0.6155138,0.21253841938162069,1.0
0.52673984,0.61858135,0.5522421,0.9171734,0.04777152976500184,1.0
0.6164388,0.8496146,0.2397293,0.16347808,3.6068559118709053e-6,1.0
0.84868526,0.6274359,0.73132336,0.6759339,0.23619699360435958,1.0
0.92399895,0.63378775,0.10210549,0.7303537,0.000020813339744676188,1.0
0.18582805,0.54410976,0.89053005,0.3995239,0.00716510493743246,1.0
0.50306445,0.6179405,0.79578483,0.6744142,0.9151539757957073,1.0
0.9328045,0.004320473,0.071785904,0.41790083,4.051882212254975e-10,1.0
0.864793,0.50557727,0.56182384,0.4618653,0.0057143190345855625,1.0
0.6911397,0.06767961,0.37263924,0.57894474,0.0003178193244619228,1.0
0.28164262,0.6727352,0.5753895,0.27379462,0.041486617494357836,1.0
0.5851116,0.79907036,0.40290016,0.8168926,0.04095337868352888,1.0
0.28488466,0.8363804,0.88787806,0.20514762,0.007729718750388375,1.0
0.17524573,0.3841802,0.44747394,0.81000334,0.0051765216753147875,1.0
0.5099558,0.37359872,0.65567607,0.54705137,0.15096676096482983,1.0
0.06442314,0.9411938,0.71682966,0.5200214,0.047741862061807305,1.0
0.80150133,0.81550634,0.82002914,0.55461925,0.12584350403427272,1.0
0.91960245,0.11041525,0.054871947,0.38967893,4.451587007394763e-9,1.0
0.13980679,0.8548967,0.116133854,0.93641067,0.00002080702554760923,1.0
0.41164133,0.9365913,0.7615685,0.72736686,0.6088074522835096,1.0
0.75907326,0.4460672,0.09260851,0.025670737,8.104956225608135e-10,1.0
0.739549,0.95943207,0.66753817,0.98434126,0.003658276972105372,1.0
0.4634456,0.17167929,0.36965427,0.2196214,0.000010468080430817118,1.0
0.30890536,0.9698339,0.33427688,0.5366109,0.01630470829623471,1.0
0.95278543,0.7174373,0.064244464,0.17274258,4.9058708335615797e-11,1.0
0.82717323,0.66307247,0.4084026,0.52433103,0.00445936238179355,1.0
0.85494745,0.41005448,0.22760752,0.6950761,0.000037746379411808165,1.0
0.82442105,0.4179954,0.65696144,0.17531958,0.00004486507171849445,1.0
0.35143733,0.6009735,0.6502565,0.25214785,0.09529565271825295,1.0
0.7875036,0.7095342,0.94699454,0.08521335,0.00019393232473441686,1.0
0.9906693,0.9921212,0.41362694,0.32043493,9.169179720094956e-6,1.0
0.78172964,0.37783942,0.28622508,0.06150341,2.820321228181512e-7,1.0
0.4274635,0.89403456,0.36003643,0.8091444,0.052805040039463874,1.0
0.16481239,0.7504057,0.97412187,0.63162553,0.06374871653835602,1.0
0.3968989,0.62618905,0.7585182,0.21543561,0.09048610913510119,1.0
0.92801785,0.45539278,0.709575,0.46763003,0.005242755719396836,1.0
0.9255824,0.6958816,0.27820525,0.42816228,0.000018662756926574345,1.0
0.2107156,0.5316962,0.21312566,0.77797604,0.006449013316907374,1.0
0.32647955,0.25053632,0.29030988,0.5928366,0.002434711175838677,1.0
0.42633167,0.13862327,0.51238126,0.6439599,0.0961426973911983,0.9487976973957627
0.85953826,0.28547776,0.22078568,0.5188604,2.405572630146033e-6,1.0
0.22881153,0.53565586,0.5099032,0.61805266,0.11262301706156214,1.0
0.678595,0.806191,0.049025584,0.0109192645,9.696394821909267e-10,1.0
0.39234832,0.9841286,0.16136576,0.922571,0.00034403400693506657,1.0
0.91556895,0.1949641,0.3954654,0.98600644,1.2501303549994797e-7,1.0
0.3820413,0.2439596,0.8612942,0.47169822,0.030856419292389616,0.4754635692289325
0.08509701,0.2719549,0.54506415,0.19416252,0.00004841594436430793,1.0
0.8858825,0.54694015,0.7761653,0.08184424,0.00003602330146725866,1.0
0.29746512,0.66808426,0.94043255,0.8606028,0.0674924868789045,1.0
0.16555499,0.6319369,0.87503123,0.024689347,0.004786498669722277,1.0
0.89781064,0.43071395,0.90203565,0.3839057,0.00012405551682555997,1.0
0.7701327,0.6862922,0.96717,0.0740241,0.00020745679917941916,1.0
0.71215785,0.9870566,0.9268731,0.75220424,0.03252096692466666,1.0
0.92745435,0.9014565,0.94710106,0.2000282,2.506854950992711e-6,1.0
0.071295165,0.53351706,0.4545436,0.18161365,0.00011373499302889612,1.0
0.9536384,0.9316085,0.19291025,0.35392258,6.150703511630549e-8,1.0
0.22622013,0.36055392,0.4890693,0.08338778,0.0011908263380593102,1.0
0.16696483,0.029842477,0.88079417,0.85202426,0.002793349770111534,0.3128309154330925
0.3757813,0.96248424,0.6730638,0.7670228,0.33965777326802576,1.0
0.87676364,0.4299509,0.0148463985,0.70293665,0.00009135110384544734,1.0
0.94880486,0.20043144,0.76408756,0.8514628,0.00004489608665453856,0.8957172112294478
0.65637404,0.51679814,0.8641994,0.8073822,0.04493640414189815,1.0
0.44213587,0.31905115,0.5316521,0.17990942,0.002277961027048476,1.0
0.86977404,0.18356216,0.027054306,0.4036217,1.7634033644091718e-7,1.0
0.15222922,0.7454595,0.47281718,0.26367927,0.0011854642295365295,1.0
0.21334681,0.73932713,0.68356526,0.046771355,0.02623565402262383,1.0
0.3772781,0.6308311,0.03106333,0.8208121,0.03766657525671391,1.0
0.2608927,0.9985024,0.025480451,0.8144918,0.0001230871616597631,1.0
0.06656333,0.8660052,0.47151372,0.17052205,0.00003524815043285166,1.0
0.74057823,0.08993317,0.31040704,0.758772,0.00002188571825441478,1.0
0.24736239,0.6699492,0.3400186,0.49153098,0.015906204721775747,1.0
0.32410324,0.48152444,0.98893964,0.09017779,0.0016264348334913289,1.0
0.7053518,0.97021824,0.65757185,0.51236206,0.053190408906118376,1.0
0.52914375,0.034368936,0.9166523,0.7233375,0.0652815566475305,0.11299869299615094
0.45032814,0.8960394,0.35162908,0.5675749,0.08133723911219348,1.0
0.51118785,0.81349427,0.07726343,0.8325403,0.006718702876736909,1.0
0.6017845,0.9352548,0.41886884,0.23780142,0.0004487491044963025,1.0
0.38937318,0.26825273,0.042105313,0.15272741,1.2960052737503665e-7,1.0
0.33888927,0.13504395,0.41184556,0.28380233,0.00003052017030204251,1.0
0.88270867,0.5134706,0.52011716,0.7972395,0.012346490793122004,1.0
0.93429184,0.7148248,0.4746423,0.9825216,0.0003283997013021866,1.0
0.27185258,0.65472656,0.33369166,0.90787274,0.005153833618372917,1.0
0.73444974,0.16729498,0.8599301,0.5635189,0.005434214573579929,0.3127575137481583
0.3402178,0.913252,0.85718495,0.6465518,0.4104465956038642,1.0
0.55117947,0.79575926,0.8816392,0.45182365,0.07295617731294975,1.0
0.09853251,0.56760794,0.7637591,0.5812482,0.12573964683057257,1.0
0.9116862,0.6247272,0.9068691,0.59956115,0.03713777404983073,1.0
0.46469703,0.05763073,0.680764,0.7172368,0.39830089829285203,0.4790083708561625
0.57507,0.8265021,0.60235703,0.23013283,0.024613899582389298,1.0
0.8350012,0.2793865,0.57111025,0.3010914,6.7376138100909735e-6,1.0
0.31020856,0.36753908,0.44591886,0.7849842,0.02631586962639811,1.0
0.8145228,0.3285057,0.26959264,0.110431835,2.453450399279838e-8,1.0
0.41644785,0.17616339,0.92189133,0.89177483,0.009012559167672872,0.09196457286785051
0.500207,0.21015216,0.028005175,0.7981271,0.006398245762244333,1.0
0.2051101,0.92168564,0.46659833,0.0017319149,0.0005953161664516917,1.0
0.1193937,0.27806118,0.78265536,0.238443,0.00017819738236446456,1.0
0.7797037,0.1098302,0.90380484,0.097942054,6.9379947795292e-8,0.9136474505698261
0.9070507,0.25459713,0.29516587,0.31531867,1.2171386429257581e-8,1.0
0.7018081,0.48482454,0.632188,0.05673529,0.0032009214804634713,1.0
0.5470867,0.62185997,0.9153223,0.77818555,0.24020413658167208,1.0
0.20176475,0.6987238,0.13103548,0.4257354,0.0006342724341425065,1.0
0.60757005,0.09656748,0.17574696,0.9182242,9.061857938339007e-6,1.0
0.58122814,0.7676217,0.6741649,0.29578692,0.0645060135990407,1.0
0.37699568,0.8744288,0.16700593,0.44796136,0.0023621264033375474,1.0
0.118792005,0.013481085,0.99219006,0.25391096,3.24433202203576e-7,0.4740900493373145
0.23160477,0.17325293,0.050628457,0.77381116,0.0021149630643368853,1.0
0.0798045,0.061589953,0.50252056,0.33413818,9.245323097324266e-6,1.0
0.58235776,0.2283096,0.549017,0.15358816,0.00017034808182554744,1.0
0.15559664,0.7900767,0.31475413,0.07527018,0.00002016153550181749,1.0
0.6602454,0.9009022,0.9445318,0.8007994,0.043834256887411195,1.0
0.4108146,0.08753617,0.75971055,0.39220393,0.012812943909899665,0.42955066581169693
0.9700924,0.7071973,0.04173397,0.9617259,8.824555570627831e-8,1.0
0.32874528,0.666865,0.4760562,0.30759797,0.019525385426096012,1.0
0.5327753,0.7621533,0.15360081,0.5709649,0.02213097633328223,1.0
0.16083805,0.69236076,0.9042171,0.15578906,0.0015419526858221192,1.0
0.4610826,0.64214903,0.19315162,0.22677234,0.0000135676331243222,1.0
0.85294944,0.33513257,0.1966942,0.8783811,3.0107902409329833e-6,1.0
0.83924,0.23387171,0.6292192,0.2200615,1.2584766788829438e-6,1.0
0.48627162,0.3085588,0.21612333,0.52647257,0.003591444058262758,1.0
0.5572552,0.32317948,0.6172506,0.6057121,0.12215932667201224,0.9840974370284438
0.40688217,0.32976165,0.6944971,0.65149474,0.38425428550605195,0.8522634584548685
0.5074174,0.0626049,0.3252131,0.47608685,0.00023196995345911857,1.0
0.4217533,0.8122635,0.14332202,0.3914769,0.0008899293928185405,1.0
0.10181147,0.5062048,0.8340394,0.57127815,0.04398045592186566,1.0
0.9600821,0.16601582,0.39064795,0.5373618,1.7802456279715963e-6,1.0
0.5545261,0.8550134,0.91790617,0.25158763,0.009287764023978781,1.0
0.16912445,0.5647159,0.15621221,0.6776172,0.007459191604403542,1.0
0.83202004,0.31111646,0.055698678,0.011229807,3.346589226935648e-12,1.0
0.72466314,0.14939363,0.58334154,0.5871704,0.007832920425140449,0.7651870342035731
0.80797553,0.33877984,0.047288083,0.13843648,3.861130571438334e-10,1.0
0.4545044,0.3409448,0.0006517241,0.1281349,7.72868774403456e-8,1.0
0.9229691,0.90760356,0.108054854,0.3509491,2.8583410845569337e-8,1.0
0.6322503,0.8037424,0.8481334,0.03725393,0.016371218016034788,1.0
0.7851143,0.9097841,0.9564687,0.65522075,0.03247361505962745,1.0
0.6027543,0.9387693,0.118972816,0.6660415,0.003453586941609144,1.0
0.40128997,0.5513644,0.326256,0.6484684,0.10562106868353208,1.0
0.66252387,0.29655048,0.19835956,0.38879848,0.000030294584689343306,1.0
0.57811195,0.68418825,0.5556504,0.8214214,0.12582096007807392,1.0
0.22985898,0.27602765,0.3860971,0.089078106,0.000056645859071824884,1.0
0.84566784,0.17583087,0.8667882,0.67391,0.00059827717118341,0.4714948852717756
0.7948799,0.1179287,0.8980102,0.22992595,1.8428967867200006e-7,0.5870036582828811
0.86586744,0.7471728,0.09741976,0.08422558,1.1408027823920918e-10,1.0
0.99636906,0.2731178,0.7673615,0.10247788,8.841227333763363e-9,1.0
0.71328723,0.22155261,0.71165395,0.25553235,0.00004407222593401747,0.887283566773586
0.20483029,0.03220343,0.0657393,0.29684648,3.1582032549558097e-7,1.0
0.27575365,0.18615793,0.0206698,0.94231397,0.00020794218062679577,1.0
0.6441436,0.19192226,0.10323498,0.39869234,0.00003610818969625283,1.0
0.6947834,0.0053110984,0.2670902,0.871705,2.6873341341789667e-6,1.0
0.009431167,0.38971016,0.4534457,0.91437817,0.00019138238468281458,1.0
0.62538964,0.9153764,0.6728649,0.18630646,0.008400729315318439,1.0
0.18732525,0.5583174,0.42192593,0.6405532,0.04042742522779066,1.0
0.90459096,0.11291329,0.38177764,0.115559034,2.551332015237713e-10,1.0
0.9992571,0.20176294,0.35317025,0.5624542,1.4566497200559333e-6,1.0
0.08423958,0.33452743,0.032500807,0.8133803,0.0005467626529744846,1.0
0.22007203,0.40650818,0.55947137,0.644398,0.07532319756765529,1.0
0.70626247,0.31092814,0.50148433,0.1645184,0.00004863864762427487,1.0
0.06507832,0.3545065,0.18253168,0.6410378,0.000332783165132377,1.0
0.42454943,0.5128191,0.005783084,0.86790484,0.025713062073054727,1.0
0.53399944,0.59756804,0.60023075,0.75626653,0.3799201726805086,1.0
0.25696784,0.22343002,0.9438457,0.22405893,0.00004993461966292686,0.7683878493080528
0.030832635,0.01837336,0.52667373,0.67835844,0.0005697630990359386,0.9919757840995754
0.79158777,0.94224036,0.36276934,0.9320942,0.00010747796254538435,1.0
0.5124998,0.3012439,0.7351503,0.27700117,0.004307429892773261,0.9537641861687743
0.5637761,0.1507131,0.060749568,0.7477371,0.0019863691847827694,1.0
0.23741755,0.9320065,0.24500972,0.29247323,0.000016593434232543445,1.0
0.08736097,0.13914002,0.59206706,0.41179615,0.00023626489321615295,0.8895519383842508
0.41547146,0.62216717,0.7446968,0.54656017,0.629205212125414,1.0
0.6880144,0.17901495,0.5990939,0.10620155,0.00001767733544004569,1.0
0.15373087,0.78267914,0.6434527,0.23943922,0.005320912021400181,1.0
0.7174945,0.38736334,0.41659167,0.78125083,0.0018913192337819856,1.0
0.95866644,0.6026693,0.9098728,0.3428113,0.00020822635214381923,1.0
0.20214948,0.57355374,0.8167721,0.37724066,0.018148585142620403,1.0
0.85144603,0.97297883,0.5916836,0.0028229987,0.00004677125197760343,1.0
0.0053441273,0.74372494,0.62493503,0.26994506,0.0002992682617492728,1.0
0.92141825,0.8619783,0.6651512,0.7368446,0.2019358459011583,1.0
0.8313934,0.5415553,0.71955717,0.7729282,0.07606771586629431,1.0
0.10019725,0.51810694,0.058988985,0.33882138,0.00002403030683143917,1.0
0.2340961,0.0904505,0.17084996,0.4417972,0.000027694176599124324,1.0
0.48834002,0.78927517,0.70240057,0.94004685,0.15796863447928566,1.0
0.17750594,0.7856997,0.61052275,0.6726403,0.31137875022522493,1.0
0.8567756,0.81895405,0.9706478,0.2902886,0.00005419057182204016,1.0
0.65198153,0.9375608,0.24135599,0.6163896,0.007217545643455641,1.0
0.5802233,0.44918948,0.78128827,0.8458972,0.060412746541134134,1.0
0.94252497,0.6883966,0.6127544,0.93795747,0.005782473317319463,1.0
0.5747764,0.7575451,0.8335861,0.0098233335,0.04446171529115469,1.0
0.8251756,0.45607433,0.15879865,0.37507042,3.265561988610711e-6,1.0
0.44098213,0.525075,0.43304807,0.868988,0.030778005357730773,1.0
0.05923698,0.1310298,0.3940941,0.59302926,0.00008771449183141396,1.0
0.18044968,0.63592184,0.3311502,0.13038617,0.00007619498022422886,1.0
0.99738526,0.18058275,0.45242816,0.02784642,2.0521515153494395e-10,1.0
0.34626022,0.052924983,0.22127022,0.03415102,1.6782415252719646e-8,1.0
0.33352754,0.36449018,0.9426878,0.42203054,0.006885091309383243,0.9142997602644182
0.39526686,0.526631,0.97282517,0.72978044,0.2822967354070995,1.0
0.9545361,0.43905744,0.07626586,0.43078476,3.2139717029713636e-7,1.0
0.09614044,0.1696218,0.040148277,0.1597583,2.2335121507949445e-9,1.0
0.31338134,0.64107335,0.5977421,0.052307073,0.06660750336122619,1.0
0.2590127,0.8578494,0.5749116,0.1263258,0.0076531397643388325,1.0
0.7836603,0.46392876,0.7605247,0.40024623,0.0021083257459571484,1.0
0.33771488,0.16266495,0.9241543,0.25647992,0.0000637766920036962,0.5296446711147147
0.23915727,0.5835536,0.033047024,0.5863492,0.03154846974755701,1.0
0.9798841,0.07611491,0.8405107,0.14885837,6.015113999099582e-11,0.8820222466817194
0.8878473,0.98631245,0.6099526,0.1327134,9.775510485043179e-6,1.0
0.19186021,0.8535589,0.64458567,0.7684781,0.19783830624663964,1.0
0.5617204,0.685968,0.4843856,0.9026263,0.02523122771649971,1.0
0.61334866,0.55089134,0.030986223,0.4907517,0.011537949338850247,1.0
0.64954346,0.71860594,0.4071897,0.62662214,0.053906104205393414,1.0
0.59946954,0.8424065,0.5969782,0.97448486,0.032411371503754595,1.0
0.38665518,0.5105787,0.11289971,0.61021715,0.09206535112529407,1.0
0.7410576,0.35897774,0.7053986,0.53323615,0.009892264605126844,1.0
0.1567152,0.15521245,0.32036763,0.85307086,0.000037724148229969464,1.0
0.007018995,0.7219577,0.81955504,0.18445301,0.0000939489643800354,1.0
0.6968533,0.7356637,0.7150124,0.22598377,0.00920920785259415,1.0
0.3995475,0.39915735,0.2766761,0.2095202,0.00003636610860052777,1.0
0.34102196,0.13652512,0.35586908,0.7559483,0.0022941457367683647,1.0
0.3040546,0.05873419,0.91849595,0.7039093,0.05719041881286392,0.15253007937604027
0.35657635,0.14106989,0.8034976,0.5760289,0.20506094417305493,0.3178656474400735
0.29474115,0.24049546,0.32114047,0.41055176,0.00014486407571539692,1.0
0.6467205,0.27514452,0.7976101,0.66246927,0.06398129019173267,0.6165763143843274
0.20002347,0.8288135,0.4656986,0.15496893,0.0008151035485539238,1.0
0.48360816,0.62579983,0.26431996,0.98381865,0.0008029340366825865,1.0
0.56832516,0.7467365,0.18764478,0.45565113,0.003592933814726891,1.0
0.32328326,0.9945335,0.8266387,0.5021474,0.07764992670985527,1.0
0.108428046,0.39078617,0.3650999,0.64265734,0.002230879084231446,1.0
0.929961,0.3325054,0.70187604,0.95676154,0.0000933026254225516,1.0
0.06025289,0.91786927,0.46419305,0.8760631,0.0019438950329990032,1.0
0.22239347,0.16528964,0.3772864,0.10700719,5.31927441176229e-6,1.0
0.57065845,0.10083714,0.44648084,0.13346675,2.9127781158079854e-6,1.0
0.41882208,0.8053869,0.68198586,0.5640723,0.7296116674634373,1.0
0.84473544,0.79396045,0.36489174,0.68675977,0.00422739721403035,1.0
0.102726094,0.9109672,0.7227206,0.87980705,0.022579498781682923,1.0
0.11262138,0.9676148,0.212661,0.048672076,3.307295444543658e-8,1.0
0.9719103,0.78397477,0.036797885,0.07624335,2.2712521605381144e-13,1.0
0.7080092,0.35607147,0.20749578,0.16546817,6.254343701126432e-8,1.0
0.29968542,0.23522606,0.86723524,0.6471557,0.10174242169384835,0.4257686088030093
0.5441045,0.48756564,0.6912331,0.1851936,0.02424033102143273,1.0
0.71569157,0.24707076,0.84990567,0.9040057,0.0010661161477097058,0.4788903308132815
0.5242299,0.53490674,0.01834377,0.9239658,0.005639176752469585,1.0
0.03422981,0.06620078,0.14239758,0.9711431,7.040257785054678e-8,1.0
0.5539021,0.68272406,0.56658584,0.6839575,0.4619045391508694,1.0
0.055551782,0.5027348,0.39260727,0.023574898,0.00003399485255631527,1.0
0.091120586,0.93472964,0.59310627,0.28457403,0.00033157650239122653,1.0
0.46667218,0.9664975,0.013582257,0.79474264,0.0011906692233385938,1.0
0.6934973,0.9088482,0.79864806,0.07843421,0.004098430210373518,1.0
0.31458658,0.59317607,0.6707433,0.58503026,0.5614018289951352,1.0
0.19721527,0.49103242,0.32416186,0.026857896,0.00009875574008114361,1.0
0.15147354,0.19883002,0.29418176,0.12941584,4.0474462369841186e-7,1.0
0.13473655,0.8600704,0.088884816,0.24143614,1.1636013087928641e-7,1.0
0.23227896,0.13294116,0.18640214,0.6961841,0.0004771338453107982,1.0
0.91793245,0.8954878,0.36174145,0.7153371,0.0017844611753355074,1.0
0.11488132,0.09906295,0.03710527,0.48581403,0.00004273143956354442,1.0
0.20967673,0.31441236,0.57228196,0.99755734,0.0009008299065013052,1.0
0.74384373,0.47889584,0.98100024,0.8275446,0.0026784609909463668,1.0
0.25712746,0.7225176,0.19507764,0.32391223,0.00009699249866766915,1.0
0.543886,0.59507036,0.9840525,0.71868527,0.2459378249800986,1.0
0.43864483,0.03554755,0.42658383,0.13680996,1.2099786461774692e-6,1.0
0.91610163,0.3507467,0.36629474,0.77493286,0.00008865827363119434,1.0
0.7719613,0.9143463,0.17666098,0.40534455,0.000014931672539818864,1.0
0.373906,0.5240502,0.17425148,0.40912372,0.0027331251607684904,1.0
0.72286355,0.12967984,0.057631657,0.6824628,0.00011661293523751277,1.0
0.20670313,0.021939369,0.5306311,0.8287454,0.007097393381318694,0.9067306377929188
0.02661408,0.38580304,0.6227381,0.16137305,0.00008184117053069397,1.0
0.49061185,0.34665462,0.5284661,0.63522816,0.10966169710979498,1.0
0.57362115,0.33341247,0.3220338,0.30447802,0.000040125304675111786,1.0
0.8710902,0.64420635,0.47594127,0.6645709,0.03672556780778709,1.0
0.4143017,0.5680133,0.6035416,0.17390722,0.05288481279626688,1.0
0.719438,0.81487346,0.61424845,0.30949232,0.00553210851656523,1.0
0.088276565,0.8781306,0.811371,0.36138755,0.002454580985186845,1.0
0.7032454,0.53215754,0.25813094,0.06796357,3.3722824802257235e-6,1.0
0.5214438,0.20278373,0.28213966,0.3903516,0.000030235899194108564,1.0
0.16257977,0.098811895,0.774661,0.35129622,0.0003602203049557574,0.5680577043594278
0.37979564,0.22090642,0.06111197,0.8862358,0.0019265455011242504,1.0
0.1318002,0.8247077,0.9530279,0.5722918,0.03397290353823878,1.0
0.58838946,0.7536924,0.3157009,0.83996046,0.017858837779050046,1.0
0.078271516,0.40795684,0.31199515,0.3082705,6.608963146264002e-6,1.0
0.83805114,0.7982435,0.99152833,0.750514,0.014973836884645637,1.0
0.21156387,0.49567536,0.2574783,0.13756885,9.947210405592253e-6,1.0
0.55540186,0.63910186,0.870005,0.7019213,0.4967987832137734,1.0
0.35261533,0.3448193,0.31964788,0.24371253,0.00007832158886778347,1.0
0.103825465,0.17223592,0.8225037,0.29308075,0.000026376739731187833,0.7302946102420942
0.13896741,0.28293303,0.13859673,0.9479197,0.000032691333212953285,1.0
0.47073728,0.720014,0.95279104,0.044801883,0.01595422638826115,1.0
0.33642635,0.145502,0.54141957,0.77562326,0.06122566345937712,0.8613931234293213
0.79017323,0.20786142,0.2045716,0.88531023,2.2686398828221008e-6,1.0
0.19013177,0.5526304,0.9804323,0.22393087,0.0006098241500932381,1.0
0.04982968,0.76093084,0.2632721,0.58071196,0.0006851863527376781,1.0
0.89927626,0.108933605,0.5671375,0.66716444,0.00009979338874565342,0.8420430497409229
0.9149111,0.6299763,0.08094371,0.8471464,8.773400368387847e-6,1.0
0.081765294,0.8834517,0.067573756,0.5192045,0.000036306108780561186,1.0
0.8425111,0.76149935,0.2870109,0.60284984,0.0006092667063222349,1.0
0.9881693,0.63894826,0.91452235,0.8331137,0.009765352855993602,1.0
0.6503348,0.8003148,0.23073669,0.72658145,0.012250419392401755,1.0
0.6536334,0.6524786,0.57953775,0.5326731,0.10268585964362899,1.0
0.01169452,0.79774916,0.45663494,0.5008501,0.006926722193361233,1.0
0.1041279,0.12239788,0.4988662,0.12430614,2.631236231223293e-6,1.0
0.24215233,0.08876246,0.6488494,0.5759914,0.08623234703125665,0.6254094434786951
0.73095274,0.92723775,0.4800128,0.38095513,0.0009060833914772623,1.0
0.6592519,0.8699281,0.6614079,0.43124393,0.03478111118499041,1.0
0.6386408,0.32798907,0.13640481,0.38700876,0.0001315682996899741,1.0
0.9207424,0.5868105,0.8978761,0.31444475,0.00010343008484870547,1.0
0.5974035,0.45920774,0.31824693,0.55710745,0.008218713454575526,1.0
0.58319426,0.6877527,0.7514441,0.8117026,0.28944626917886035,1.0
0.81267023,0.29006806,0.7963181,0.21402541,6.08270790955277e-6,1.0
0.5865831,0.99946254,0.3045129,0.7168927,0.01837073601403776,1.0
0.20376329,0.39847237,0.88893265,0.07006854,0.001366786902470041,1.0
0.82287616,0.70880204,0.78723466,0.50790304,0.08160555424067623,1.0
0.5930997,0.4352743,0.72093135,0.67130816,0.22701381819433739,1.0
0.17336836,0.94624263,0.4011718,0.54528165,0.006128579180448466,1.0
0.6234138,0.7886775,0.9053027,0.23604302,0.006813892383499161,1.0
0.22441247,0.8483357,0.7555629,0.92424387,0.03833967789651132,1.0
0.32500234,0.4628396,0.6517976,0.6974606,0.4229107791435329,1.0
0.46051863,0.40942842,0.2569509,0.4015957,0.0007664499039468671,1.0
0.51041704,0.2914148,0.35634267,0.13127978,0.000044980692275801726,1.0
0.38835844,0.7252098,0.96137524,0.6294625,0.5368582052706938,1.0
0.7353938,0.6408988,0.41572684,0.3704726,0.0005308414522905835,1.0
0.947127,0.99332094,0.3899096,0.77940774,0.0009223623678674314,1.0
0.9247783,0.556266,0.61617255,0.35640654,0.0008808868897854593,1.0
0.8184086,0.2446614,0.66455376,0.9601359,0.000057149155840100716,0.88167699470552
0.6112767,0.79448026,0.34563178,0.9689496,0.001148871156623498,1.0
0.168857,0.10580698,0.4606266,0.48405585,0.0009363768019559007,1.0
0.47149485,0.39276516,0.55189425,0.9936617,0.0066353612889226525,1.0
0.21518427,0.58461666,0.48622748,0.21219729,0.004060641535734609,1.0
0.14588918,0.24139135,0.9950409,0.26059785,6.818936442778004e-6,0.8098796852553232
0.58794904,0.6550767,0.038116332,0.54247785,0.02544074094837243,1.0
0.6734477,0.14078826,0.43518054,0.3115014,7.909127127563212e-6,1.0
0.25596613,0.509317,0.2830495,0.8151708,0.008498329697791686,1.0
0.6977228,0.5389467,0.8500596,0.88906294,0.01055996586602878,1.0
0.37046757,0.2663577,0.4235374,0.92158026,0.0011259138850377498,1.0
0.03188055,0.83490324,0.80076724,0.49516335,0.044117651029236635,1.0
0.05085417,0.3477733,0.34645137,0.78978485,0.00020949101990110314,1.0
0.43183678,0.68143666,0.4636319,0.6543738,0.374013832189331,1.0
0.5310878,0.159849,0.07308657,0.8310975,0.0011580932792308206,1.0
0.5761709,0.44436872,0.034379855,0.8563608,0.01212161474012688,1.0
0.98130953,0.31698352,0.7300419,0.5034144,0.0006107443715971924,1.0
0.19421853,0.5216227,0.15798761,0.47749028,0.0022353254091070163,1.0
0.02749281,0.44056302,0.87366027,0.33575016,0.0001592757714648055,1.0
0.040472455,0.4246247,0.28003007,0.2868271,1.1572733279345368e-6,1.0
0.08368033,0.61970603,0.2154567,0.68550074,0.0012658297115309062,1.0
0.30735627,0.87505,0.05271478,0.81730723,0.001972616449837352,1.0
0.94497496,0.2607376,0.7145363,0.613969,0.0008514304604721597,1.0
0.7213823,0.4323217,0.66625327,0.7224834,0.048071235124955404,1.0
0.6573961,0.62360394,0.75495875,0.0009000481,0.022558878228554336,1.0
0.906345,0.42300445,0.0709842,0.7404424,0.000023207469297030032,1.0
0.700249,0.7591732,0.2344548,0.3183801,0.00001969276524263302,1.0
0.23330328,0.39414105,0.3578777,0.9810738,0.00019349640962687743,1.0
0.054973982,0.7031638,0.7779233,0.96580535,0.004774632576024089,1.0
0.2509961,0.94055474,0.52566564,0.267834,0.002260801860092267,1.0
0.9315489,0.6755976,0.02623234,0.6371069,0.000019891221059339287,1.0
0.60634744,0.5478756,0.7277046,0.09508668,0.025317158653457416,1.0
0.6039113,0.019593144,0.6280575,0.76104933,0.07524994285859685,0.6044983298370338
0.2805888,0.2393326,0.59554327,0.8802465,0.011692001156003952,0.8211943690438616
0.9029684,0.9758558,0.1213858,0.65876746,3.807111514017638e-6,1.0
0.44733396,0.3046488,0.81311333,0.17418075,0.002289025212262566,1.0
0.31650716,0.6512271,0.48772886,0.11750574,0.012873547134081984,1.0
0.66580254,0.053139113,0.77017695,0.19209786,1.8363121016097945e-6,0.6593092987214185
0.033122525,0.4530404,0.15477167,0.09206817,6.79573121122898e-9,1.0
0.037428785,0.7655775,0.63043964,0.5486574,0.12859524665146738,1.0
0.35971144,0.7327587,0.17191757,0.53450346,0.021165232063784255,1.0
0.35811225,0.47736984,0.0014790244,0.6035714,0.12168764323373357,1.0
0.6865356,0.5557907,0.74717706,0.5958016,0.15618116337230412,1.0
0.8492834,0.92024004,0.48242512,0.8841371,0.002715587319035094,1.0
0.42070895,0.06011838,0.13327059,0.41820124,0.00003297090643111643,1.0
0.31933543,0.19315365,0.44900692,0.5115798,0.006931661092938797,1.0
0.069186084,0.9522554,0.43454713,0.8700731,0.0009343339892831494,1.0
0.14060557,0.0034345342,0.80689406,0.7537742,0.01253372491569113,0.4659849205345602
0.061159305,0.66760343,0.4596059,0.759754,0.024460310477503945,1.0
0.2195084,0.040194184,0.54710484,0.5149299,0.013659042838409413,0.87672949335232
0.6374252,0.88953274,0.8653857,0.24655272,0.005866470078659962,1.0
0.81560135,0.9615281,0.517418,0.769499,0.019860554797242597,1.0
0.30352786,0.5301822,0.6362544,0.93965864,0.04846826110379908,1.0
0.5011994,0.02214635,0.32384652,0.31041732,2.9637002969259518e-6,1.0
0.97271466,0.49826083,0.6207612,0.97032857,0.0005120638148157975,1.0
0.72974485,0.15648885,0.6150513,0.4986187,0.003179991528549029,0.7175517689284998
0.26712427,0.74901307,0.98312515,0.36983413,0.006316458445230098,1.0
0.40918034,0.71396786,0.4946067,0.9581293,0.03374232111315865,1.0
0.21431124,0.08546726,0.13761213,0.7761877,0.0001800511707924237,1.0
0.013290442,0.5145316,0.15210752,0.19577006,1.0587295032664312e-8,1.0
0.7168296,0.7063572,0.677028,0.61175275,0.32029608675431553,1.0
0.8927503,0.8778605,0.24213944,0.021773603,1.0556303366372894e-8,1.0
0.5284968,0.61000913,0.22498786,0.5254435,0.01881685935465437,1.0
0.9754877,0.82719254,0.3136447,0.76458967,0.0003846690647544855,1.0
0.75883204,0.3912592,0.5432153,0.51586336,0.004057921670870419,1.0
0.84660655,0.9441071,0.25999728,0.9467012,5.418539998506087e-6,1.0
0.609445,0.7156659,0.86272794,0.72054,0.3610913485023373,1.0
0.6988185,0.52247036,0.2002933,0.3134247,9.904631513610816e-6,1.0
0.8179069,0.21715559,0.371825,0.2812352,9.522283029712755e-8,1.0
0.09563944,0.49421725,0.5777937,0.14981334,0.0008078772339340039,1.0
0.98950297,0.60996705,0.44477472,0.925276,0.0004511079429132141,1.0
0.035162617,0.2979192,0.123117924,0.8962025,0.000013999001424626855,1.0
0.3421303,0.24530157,0.88532585,0.8294749,0.032908544713575245,0.3644529858241599
0.6993472,0.4570809,0.40989947,0.094684236,0.00010945522169405001,1.0
0.54892755,0.8080552,0.6135547,0.008324656,0.05499396178267374,1.0
0.5491589,0.840009,0.5378382,0.2272005,0.013924911567119847,1.0
0.7861126,0.35995114,0.4552459,0.054645274,0.000012008017395016274,1.0
0.6583514,0.009485952,0.55874026,0.08786478,2.906072672239415e-7,1.0
0.09988305,0.11889668,0.5903622,0.32264858,0.00003438832998794785,0.8940277229383776
0.34378338,0.22430812,0.5363132,0.7914608,0.0440371495142395,0.9373575226089529
0.44106504,0.19761458,0.81016415,0.43392485,0.024732258692460356,0.43112264940035344
0.90826017,0.12601155,0.6761534,0.57342035,0.00011590668539060066,0.6995321545036937
0.36037323,0.5426467,0.87232053,0.5232296,0.21279779280971514,1.0
0.122001775,0.25150755,0.3359387,0.33340415,5.555394346390479e-6,1.0
0.11588097,0.047755234,0.99367124,0.40226898,0.00003336446601937261,0.3303273716642295
0.08981619,0.78183424,0.38795504,0.18712676,0.000026716443178099937,1.0
0.2933065,0.33996004,0.5169717,0.8304413,0.020191742962809962,1.0
0.13071747,0.81740326,0.9335654,0.022076687,0.0005642171417562494,1.0
0.5157122,0.18532085,0.43194595,0.10504414,0.00003488396749859433,1.0
0.022019243,0.4082609,0.7125348,0.44578,0.0032572576195702293,1.0
0.9781875,0.06326365,0.569778,0.85854876,1.3668114579130813e-6,0.8267491859699768
0.7675372,0.4611736,0.61131614,0.013356833,0.0005459712058716866,1.0
0.105350174,0.95072955,0.7256283,0.7289543,0.1163578291607001,1.0
0.33421305,0.219567,0.7865618,0.89875466,0.019106479235428908,0.41233189648012614
0.34479058,0.8464122,0.24676745,0.6799358,0.057756854397105435,1.0
0.3832325,0.89262354,0.42961976,0.18256868,0.0014781097145849552,1.0
0.71018493,0.23667917,0.86824197,0.34906045,0.00011563392114184494,0.6640504912228434
0.46533912,0.6505683,0.23125221,0.3525421,0.0007228781699399054,1.0
0.8095856,0.081474714,0.9866823,0.23489575,2.6538309976924733e-8,0.4498957007851431
0.7375851,0.43887615,0.91158956,0.62544304,0.012886577236562355,1.0
0.8360693,0.6769638,0.82337856,0.19354227,0.00017333692146079553,1.0
0.36697975,0.6577504,0.8528815,0.1627832,0.0352744241466909,1.0
0.24572542,0.8995987,0.52247095,0.714999,0.11038135429652773,1.0
0.46883813,0.9439064,0.48345032,0.70667094,0.1549047486047414,1.0
0.2914516,0.054778177,0.27097577,0.47205862,0.00004068189822717229,1.0
0.6528917,0.86287314,0.15585345,0.28001872,3.712576739742176e-6,1.0
0.26238233,0.44538972,0.0750133,0.7939116,0.02233340724406142,1.0
0.7110255,0.32079598,0.19737692,0.23157991,9.838248723091176e-8,1.0
0.74761605,0.017068757,0.47785076,0.53000295,0.0005055720944111091,1.0
0.2726209,0.87635124,0.2280321,0.7809424,0.011006985773975164,1.0
0.66607714,0.41343218,0.29129562,0.5418508,0.0012262573234393989,1.0
0.4984666,0.23032649,0.083543755,0.506845,0.004106642010554435,1.0
0.7577559,0.2641456,0.6359655,0.88729113,0.0009157938857223038,0.9137450543996813
0.48200062,0.9069925,0.14983895,0.44232586,0.0013660819345761815,1.0
0.31794,0.2634102,0.748316,0.16641185,0.0015435819557390019,1.0
0.15763481,0.3263027,0.3164057,0.47879237,0.00030418033734800286,1.0
0.17443687,0.075118095,0.64233315,0.7315282,0.03426723361043485,0.6578039521665804
0.5726784,0.072914116,0.9297554,0.24798882,0.000010814259880958992,0.40167929281438064
0.88401335,0.12477752,0.69818515,0.90583134,0.00002913418193314913,0.5812591618526843
0.5057164,0.8165817,0.9546756,0.5662016,0.26758962445557,1.0
0.4390423,0.3931247,0.0068464223,0.6502233,0.12001495069699471,1.0
0.94985205,0.36608663,0.13948213,0.7396636,1.818266286528572e-6,1.0
0.041842975,0.026988192,0.26175204,0.15608598,4.204304540672954e-10,1.0
0.55220276,0.6130302,0.93289924,0.12740782,0.0075514186827873265,1.0
0.49274284,0.49345705,0.44267955,0.21371654,0.0039512331127558725,1.0
0.15442616,0.7558167,0.08953086,0.12334919,6.5701740157529545e-9,1.0
0.8688718,0.40206942,0.6264943,0.08018047,0.000012058261345124324,1.0
0.4523461,0.35229,0.8072839,0.3161249,0.010296131607304807,1.0
0.7533864,0.4907218,0.2999005,0.45039374,0.00011593707230645428,1.0
0.76593363,0.44875872,0.1269393,0.08245111,2.645924102893813e-9,1.0
0.30083966,0.4863896,0.101209134,0.82617813,0.019507405240563172,1.0
0.8836905,0.097451046,0.659437,0.9005271,0.000026776802555327722,0.5940622479738111
0.5043449,0.5967899,0.93002075,0.7379019,0.379292528975845,1.0
0.31217077,0.4644059,0.0027551453,0.45225433,0.01236108555616247,1.0
0.16791552,0.2952256,0.25441003,0.62888926,0.0008864886473661304,1.0
0.9309205,0.5722492,0.42770708,0.8651107,0.001250184388446963,1.0
0.7252379,0.4473018,0.39972138,0.69429106,0.004529246495261022,1.0
0.87405187,0.9689084,0.5576738,0.016765328,0.00001710172878091968,1.0
0.91860676,0.36925766,0.69652575,0.14442927,1.1128655308574661e-6,1.0
0.06768584,0.6778587,0.6537331,0.13914032,0.0009059309293065358,1.0
0.5583976,0.740622,0.5242101,0.22293554,0.01717200198748144,1.0
0.2737461,0.008769897,0.47801465,0.7622939,0.017164173315292103,1.0
0.5773822,0.001995015,0.6238157,0.09336446,1.3534277718695414e-6,0.9751801877962759
0.35462028,0.26907572,0.7382353,0.014552616,0.003954987707602518,1.0
0.2612505,0.39602458,0.75653905,0.8343575,0.05481670325091758,1.0
0.36808133,0.6087513,0.55411345,0.54390246,0.281191212232603,1.0
0.032351553,0.20821716,0.10438539,0.9555045,1.3995807031862953e-6,1.0
0.34738266,0.6748483,0.92778444,0.3217301,0.022643778493007874,1.0
0.5844022,0.5085581,0.9197555,0.2351172,0.0037371114257528843,1.0
0.9676261,0.34555396,0.0195903,0.48781806,3.2686652497374675e-7,1.0
0.59626836,0.8525515,0.8799837,0.06303599,0.012504114511382858,1.0
0.036184236,0.46827644,0.68213093,0.6080932,0.061530694842398405,1.0
0.4566625,0.18738905,0.8993912,0.1677327,0.00007034843329796025,0.8092556448037085
0.23577805,0.120886095,0.4033407,0.09621908,4.417068702999205e-6,1.0
0.16123904,0.7746837,0.21879473,0.62354636,0.005409236914837352,1.0
0.014453187,0.4520809,0.37412518,0.25808394,5.786748464048901e-6,1.0
0.33914974,0.7360354,0.8555345,0.34495252,0.056471752915201505,1.0
0.43091643,0.90460974,0.7797423,0.44983006,0.11338956697726721,1.0
0.2700468,0.6738046,0.07204062,0.05523916,2.3165688882589002e-8,1.0
0.53435904,0.47232398,0.49166852,0.9623536,0.006287289245198091,1.0
0.5458133,0.5170623,0.7576982,0.41674483,0.060430166119100175,1.0
0.0002888372,0.86334354,0.9605487,0.38636756,0.00043320050939791655,1.0
0.53884053,0.38832667,0.8457294,0.28772718,0.00584420732575094,1.0
0.45583782,0.04166762,0.28466874,0.48054582,0.00009788962794681514,1.0
0.29580957,0.897807,0.41045827,0.4158711,0.004941436677850793,1.0
0.7363111,0.727056,0.9595732,0.26409888,0.0005281654540328657,1.0
0.3189017,0.86895704,0.83027864,0.93123895,0.05578337290740366,1.0
0.124156944,0.7419432,0.7332231,0.73362345,0.3110953547249182,1.0
0.14469667,0.98182696,0.375004,0.80893636,0.0015469422528903854,1.0
0.961173,0.3303605,0.02926492,0.6452883,1.7866753148133242e-6,1.0
0.31514156,0.9298162,0.09399918,0.65740144,0.00376510326514069,1.0
0.64064616,0.88187623,0.24981385,0.87266827,0.0021505935346647744,1.0
0.86692977,0.35594308,0.22908397,0.60468787,0.000012402731325631903,1.0
0.39801776,0.14403564,0.39785743,0.062285077,0.000016795209172317285,1.0
0.4353992,0.47630936,0.5219038,0.81981146,0.09802378894816088,1.0
0.40492335,0.08039586,0.23501341,0.680328,0.00032280074857545183,1.0
0.7772892,0.9550154,0.469322,0.79995984,0.0074813310014869286,1.0
0.433133,0.32163534,0.39399564,0.28949276,0.00046203836869994244,1.0
0.726063,0.6627427,0.28850847,0.27182624,0.000011886183537469408,1.0
0.7449423,0.48391944,0.842273,0.11313593,0.0004992639047234358,1.0
0.2688567,0.02071168,0.14880498,0.24497314,3.000150079787693e-8,1.0
0.61544657,0.23830009,0.7663521,0.042611945,0.00034565169120956505,1.0
0.19544499,0.4419059,0.4508457,0.3590682,0.0016215177169932558,1.0
0.66323847,0.90307724,0.3420833,0.8363506,0.005709568847445289,1.0
0.0020717613,0.17758329,0.9799964,0.98793745,4.909911587937063e-7,0.6426119657767422
0.6438905,0.59990466,0.9366483,0.6912987,0.12278135860280041,1.0
0.91020936,0.007409787,0.12985356,0.3792521,2.26094160743379e-10,1.0
0.6686452,0.540987,0.6877194,0.9036694,0.019936295408834955,1.0
0.95072573,0.7261881,0.78024006,0.45630446,0.029555880144960953,1.0
0.73386097,0.9391922,0.31732282,0.86980516,0.0006470161574485675,1.0
0.5223519,0.9915165,0.38856065,0.07788788,0.0002088415242403095,1.0
0.6414817,0.83290005,0.45883575,0.27086747,0.0019187690491187341,1.0
0.9910459,0.5157151,0.051644795,0.5496779,1.0570744911829148e-6,1.0
0.9981018,0.98943704,0.38008085,0.6327001,0.0011613082599883197,1.0
0.56288517,0.30944377,0.106654465,0.7901981,0.008956420926434259,1.0
0.4671206,0.19952743,0.5870286,0.684447,0.20799557182869854,0.7743752809776724
0.8337291,0.41651103,0.4069627,0.920196,0.0000756911235771466,1.0
0.15089856,0.0026912515,0.40443468,0.46095702,0.00014823093396585207,1.0
0.6199207,0.2993039,0.8299282,0.4795229,0.013779182266852104,0.7190002456939288
0.3696613,0.12577192,0.6548112,0.7852366,0.1867240429553802,0.543495069658769
0.7480485,0.98385984,0.71804035,0.89340526,0.013955256859309678,1.0
0.7893583,0.9632901,0.96929586,0.05018019,0.00005151485808626697,1.0
0.47451654,0.08246664,0.38367617,0.38189474,0.00015433125348106576,1.0
0.66933537,0.7199664,0.74272436,0.5299058,0.1897831739200012,1.0
0.042809274,0.115361266,0.053371523,0.08657894,7.783250100944786e-12,1.0
0.8069098,0.8935666,0.09464726,0.29127955,1.3168106478572634e-7,1.0
0.612421,0.43150842,0.532513,0.057033703,0.0037005009629072464,1.0
0.9052437,0.15150303,0.7075208,0.4489735,0.00002383022621286035,0.7542776979348295
0.2460575,0.16168083,0.70374405,0.4080006,0.006234699205102736,0.6231748509241749
0.2692813,0.26795265,0.8129381,0.6019745,0.0990133485387275,0.6148017804644045
0.21740039,0.023928436,0.26506662,0.8940631,6.352451283424257e-6,1.0
0.21845394,0.46638337,0.7237081,0.913936,0.018546857720416053,1.0
0.51626253,0.19589822,0.046914443,0.4546888,0.0010645854605213462,1.0
0.64298755,0.24656597,0.27329233,0.6191987,0.0004057473131108488,1.0
0.6393957,0.111153126,0.1225935,0.26215124,8.858942104876989e-8,1.0
0.39149353,0.873777,0.70005584,0.68872505,0.9361458066436108,1.0
0.0039737984,0.5807573,0.9226333,0.66364866,0.026474428342286263,1.0
0.18647534,0.48011687,0.21070766,0.45347923,0.0008222219229206434,1.0
0.13665986,0.014178227,0.5108424,0.1978965,5.7581353647528e-7,1.0
0.301497,0.7963281,0.44020447,0.9484104,0.00800536646547882,1.0
0.008226151,0.3006073,0.50596714,0.7458839,0.0014362908296894853,1.0
0.019961277,0.101671055,0.64550453,0.4366437,0.00011038121998696815,0.8475355398052292
0.0864394,0.95151937,0.36832204,0.569333,0.0015377366655813572,1.0
0.76968193,0.54565376,0.056414854,0.12140357,1.6148706544926493e-9,1.0
0.3936853,0.34166968,0.799306,0.4073526,0.020778868452018796,0.8814491671978502
0.56786495,0.36855894,0.12010729,0.2109637,1.2080759053016251e-6,1.0
0.67614484,0.41983682,0.86949277,0.62757564,0.03711029613032306,1.0
0.79298985,0.6970846,0.062545076,0.07204573,2.385414326925649e-10,1.0
0.41971326,0.25713372,0.7900776,0.45744318,0.042570929027905643,0.5885192167381593
0.8167973,0.5743148,0.43645102,0.03505547,0.00003519366503878738,1.0
0.17056073,0.9477315,0.4938617,0.57430136,0.02363316981070772,1.0
0.5640259,0.69197166,0.30325955,0.30307308,0.0003410158212457456,1.0
0.03892522,0.9788898,0.08630804,0.27835202,8.018591134835293e-9,1.0
0.95793116,0.75116557,0.28947657,0.49909282,0.00009230708368352275,1.0
0.302122,0.5001875,0.4484841,0.4627483,0.020830168502711913,1.0
0.11349402,0.2348992,0.66334116,0.597866,0.009883378410242775,0.8615868874493793
0.23848882,0.5799456,0.008700487,0.03376792,1.112330438254828e-9,1.0
0.72738,0.37621322,0.2269427,0.34714973,4.438496721955497e-6,1.0
0.84313923,0.07065773,0.801341,0.15859738,1.1974842444257489e-8,0.7586330844491941
0.3218458,0.73147136,0.9129136,0.73512155,0.41756232350986516,1.0
0.31107572,0.64617836,0.83743745,0.6224424,0.6295874166944561,1.0
0.2630154,0.4147521,0.80592406,0.99843806,0.0073922373018599314,1.0
0.2666712,0.85667765,0.06399292,0.77040374,0.0029005545738751246,1.0
0.017735966,0.9908121,0.90895957,0.83763564,0.003943986144696185,1.0
0.22512104,0.31266332,0.8533209,0.5792435,0.04031646793309708,0.7764950733142364
0.8216719,0.5981784,0.6193081,0.9164408,0.008669036256719971,1.0
0.192999,0.11696491,0.6990091,0.38521773,0.0017359266266801256,0.6336187608105002
0.62106246,0.1070977,0.87197953,0.84620816,0.013304141406330808,0.09160715926589696
0.80454886,0.38121045,0.5449933,0.9927118,0.00007335757167230252,1.0
0.9012487,0.82320696,0.021380285,0.71269876,0.000018636593317468157,1.0
0.73168963,0.47903323,0.63956076,0.038552873,0.0017503263242461765,1.0
0.19844767,0.1025905,0.92544734,0.42956766,0.0010746091929653542,0.31181089126667616
0.8701733,0.031090949,0.10906789,0.5014357,3.270568891101641e-8,1.0
0.20855784,0.08429476,0.7341617,0.32943702,0.0004612504173767229,0.5938228252023258
0.3483,0.43725026,0.022323607,0.14125387,2.497282772058364e-7,1.0
0.018791355,0.52850163,0.25241172,0.78799754,0.00014612188841489876,1.0
0.77814406,0.10638998,0.048870865,0.6681836,0.000019291742408339803,1.0
0.47928295,0.7002417,0.27560794,0.0071457974,0.00015324708042376608,1.0
0.32058597,0.8194295,0.5569994,0.7003551,0.3863913078533411,1.0
0.24928182,0.2934329,0.84650344,0.6211901,0.07056533160121628,0.6807962791111862
0.36731863,0.5577219,0.47304094,0.41429272,0.02729023247960944,1.0
0.044012062,0.62802875,0.7280811,0.46324462,0.03509896024459834,1.0
0.6293906,0.82082784,0.93845665,0.33923462,0.005813804049499233,1.0
0.021479143,0.71113175,0.76589036,0.79661906,0.11448792190749922,1.0
0.98349404,0.22756767,0.18889141,0.66184646,8.057713468662065e-8,1.0
0.40016237,0.9655156,0.012951277,0.6499835,0.0023241309018452727,1.0
0.58952653,0.2778356,0.49229488,0.7822047,0.01378480814691039,1.0
0.8787717,0.8804078,0.90784556,0.071696416,0.0000214306559414558,1.0
0.4571112,0.1684559,0.5531141,0.34177476,0.001315765198856532,0.8935297478422168
0.49367,0.18152905,0.7295199,0.85400236,0.07438317813953177,0.3959054625955317
0.35788557,0.35314804,0.5851363,0.6894468,0.20520907734408586,1.0
0.94165593,0.84348077,0.7787075,0.4372009,0.020903252510593,1.0
0.44650173,0.7760742,0.4513773,0.92648566,0.021919895886607754,1.0
0.8892889,0.6584961,0.7080955,0.82281554,0.08508276007940244,1.0
0.37102666,0.03818781,0.07813927,0.7445171,0.0005247915537062836,1.0
0.9821628,0.24969323,0.753238,0.29485956,5.954639127779169e-7,1.0
0.09269295,0.89855427,0.7926777,0.20161298,0.00033748182558357366,1.0
0.1231799,0.7287433,0.51925474,0.2579263,0.0014074768170022386,1.0
0.6172343,0.780208,0.8895983,0.7422775,0.25299230079761803,1.0
0.6610849,0.9281993,0.20960955,0.24251579,1.2275704375262e-6,1.0
0.37422064,0.1647074,0.0031961172,0.99467194,0.00006196529136036687,1.0
0.19919401,0.3519132,0.115955606,0.36600232,0.00014691954211172215,1.0
0.5941305,0.84111714,0.5810487,0.7095617,0.32184133302782686,1.0
0.87771314,0.60787,0.4574988,0.93877995,0.0006623105891170231,1.0
0.9460645,0.636996,0.6418568,0.10375352,7.068550469427918e-6,1.0
0.37880105,0.4517742,0.78534395,0.8356725,0.1475084755153425,1.0
0.755385,0.32410973,0.6043974,0.78330547,0.00551604480270723,1.0
0.8616345,0.8218403,0.11767942,0.032035716,2.67015632758579e-10,1.0
0.3453782,0.82972246,0.35954908,0.8061645,0.056704014293408524,1.0
0.047331557,0.8824394,0.10511484,0.69232756,0.00004857500825760071,1.0
0.49635726,0.20981023,0.22389361,0.9430349,0.00005912596999446992,1.0
0.68140113,0.4335843,0.20641097,0.114938185,2.9552233911942275e-7,1.0
0.5711779,0.67878336,0.28519544,0.29946563,0.0002019298285382425,1.0
0.74972343,0.61696976,0.37918416,0.8738235,0.0012840876657823725,1.0
0.0019481949,0.16024412,0.79164994,0.45961067,0.00010196364141755271,0.8017594871034928
0.84175295,0.81014085,0.24070267,0.9297898,0.00001250644767073684,1.0
0.77469075,0.65979683,0.039682344,0.66991705,0.0021715234557576385,1.0
0.8408415,0.31358296,0.23312053,0.06494271,3.2866258958795224e-9,1.0
0.9367873,0.21609165,0.39810997,0.12232055,1.2772393272344982e-9,1.0
0.27875954,0.08658019,0.32978877,0.05187141,6.760495765493913e-7,1.0
0.24462,0.88442415,0.89664006,0.74138916,0.14303761824057465,1.0
0.11770374,0.016654149,0.51320934,0.119121686,3.17071758401502e-7,1.0
0.42567796,0.50342846,0.5607218,0.10194667,0.03222432979314439,1.0
0.54626215,0.80282897,0.08457429,0.522513,0.008288557127487347,1.0
0.9638155,0.62090546,0.647652,0.8740477,0.019799639842216697,1.0
0.43738487,0.4996186,0.007961089,0.57739973,0.12023082440295224,1.0
0.44390774,0.27245745,0.79324806,0.3315764,0.004431279273226745,0.746196868958581
0.4537006,0.09395262,0.5649752,0.76057,0.13474150610645225,0.7598172423750698
0.40811667,0.40575594,0.009425945,0.9953157,0.0007555973258847173,1.0
0.7289392,0.7568469,0.23266873,0.4943299,0.0008132308955046282,1.0
0.98056096,0.14826581,0.2531324,0.70424163,5.341849721239321e-8,1.0
0.91200775,0.51124567,0.50814784,0.36816764,0.0002786749154904945,1.0
0.29626974,0.6961982,0.16006532,0.44352478,0.0032060840765075287,1.0
0.13736172,0.99748504,0.015148963,0.49256864,9.250487211388475e-6,1.0
0.025180273,0.82220066,0.11903811,0.17875108,1.2957114184257316e-9,1.0
0.61829036,0.9162431,0.5620637,0.8500931,0.041038674202128235,1.0
0.79342645,0.042420845,0.73283273,0.036025036,5.137921737241711e-8,1.0
0.107744984,0.34227526,0.2112042,0.81255877,0.0002126684659084953,1.0
0.8267888,0.27481103,0.9621435,0.20748924,2.7049484573688e-7,1.0
0.29090986,0.38028297,0.40574983,0.1681236,0.00046391550687983635,1.0
0.06369043,0.6997997,0.34491515,0.67648846,0.004694764053793592,1.0
0.28854927,0.22224869,0.1815354,0.4356562,0.0002970493644216668,1.0
0.47673833,0.28472185,0.9580721,0.43983492,0.005335973143517153,0.5394093549736309
0.5560118,0.095673084,0.2609116,0.09975131,4.1670811445855345e-8,1.0
0.8969416,0.54920995,0.10048745,0.19166301,9.357792799962985e-10,1.0
0.67233795,0.30736935,0.49606013,0.53503877,0.003882577540821681,1.0
0.072319314,0.23218219,0.29220757,0.066508695,2.0492404246701536e-7,1.0
0.54029554,0.9129217,0.0042419787,0.6000382,0.004179675260794891,1.0
0.63191503,0.8041639,0.80206704,0.4387738,0.05439093428506659,1.0
0.69547516,0.73007214,0.64903975,0.4238721,0.030696553671934645,1.0
0.968651,0.69030184,0.96577847,0.11167523,3.9300062154292045e-7,1.0
0.3539767,0.33184648,0.6064377,0.3603469,0.012095272713531627,1.0
0.020351088,0.6892216,0.3025847,0.3327265,7.991196896140427e-6,1.0
0.2829844,0.10379337,0.24768761,0.3968218,8.921839094435085e-6,1.0
0.6829799,0.83084255,0.8863339,0.9763704,0.008170572417366403,1.0
0.12706432,0.25920182,0.68543226,0.031862445,0.00029675132088780357,1.0
0.17943592,0.7129384,0.33756912,0.55160975,0.014000844800021226,1.0
0.25457218,0.048720174,0.35231417,0.32615906,6.558057133927975e-6,1.0
0.045231484,0.7923722,0.30746165,0.97296894,0.000017963410140714628,1.0
0.7842771,0.770455,0.18072926,0.11667216,3.008151178992673e-8,1.0
0.7660644,0.13337564,0.29852408,0.9663791,2.298011241886456e-7,1.0
0.062586255,0.033529818,0.9777097,0.46556014,0.00005068747539623001,0.39455326604390684
0.44931442,0.94996005,0.20520498,0.40471703,0.0008630948723200895,1.0
0.8733174,0.055357274,0.069347374,0.36339188,2.9643439181343047e-9,1.0
0.2410409,0.23149166,0.72426766,0.05329455,0.0008545961298414316,1.0
0.9407637,0.74271667,0.891576,0.2067223,7.0618171673658064e-6,1.0
0.26463327,0.13460904,0.98539615,0.4747801,0.0023348668314302195,0.18340110485901678
0.9391957,0.71656245,0.18929376,0.8889186,1.9458294572333644e-6,1.0
0.95653003,0.36597177,0.6923241,0.6076563,0.006228887074883752,1.0
0.06805075,0.52767587,0.16343619,0.06874261,3.527658450462195e-8,1.0
0.3493799,0.85153294,0.20162937,0.5987963,0.02829078016850927,1.0
0.6248885,0.9228801,0.29300097,0.65658766,0.022268296064385604,1.0
0.8239981,0.05904707,0.14798002,0.3255814,2.3872757916124924e-9,1.0
0.7462825,0.5600854,0.2742871,0.9505364,0.00004710572842147968,1.0
0.23002556,0.9739607,0.3380131,0.31715062,0.00006580075708527724,1.0
0.66707104,0.028745228,0.82485753,0.25433668,0.000010595594122906108,0.4896530618002958
0.96948415,0.33647683,0.08507538,0.05837992,1.360108854537332e-13,1.0
0.72368896,0.5695999,0.3088665,0.34580767,0.000043466595344534495,1.0
0.81085664,0.2051897,0.42429513,0.55546963,0.00007500625774820386,1.0
0.7076256,0.7693315,0.9991871,0.9351188,0.0022574836980277808,1.0
0.536453,0.2701801,0.2224887,0.11252547,5.175826480551695e-7,1.0
0.5601346,0.29261363,0.93760407,0.6206951,0.04341734739238345,0.48703271405273924
0.0574813,0.63445514,0.82533956,0.8645695,0.024004388910932352,1.0
0.8727822,0.012133158,0.497654,0.35707706,4.905690781113625e-7,0.9641911834963226
0.70279264,0.74843997,0.16846338,0.96917135,0.00006296132326104,1.0
0.27986115,0.21209006,0.6604686,0.40641388,0.007682101532852372,0.7439041136990833
0.89148986,0.34396398,0.9895029,0.42673644,0.0000164460360724362,1.0
0.8306573,0.2143509,0.6345023,0.003906782,1.630646875944557e-6,1.0
0.90992695,0.47081435,0.88480914,0.8573917,0.0023320473450550478,1.0
0.32282218,0.4881183,0.93179023,0.86190885,0.04207871114085849,1.0
0.36512426,0.25870466,0.67857456,0.14004098,0.002128566307977685,1.0
0.47505563,0.77528507,0.74993104,0.36740667,0.13891301998130853,1.0
0.8750109,0.20405309,0.851894,0.22160403,9.688626979008774e-8,0.9969665213066229
0.49968445,0.47487026,0.0443052,0.5827262,0.09176687279403199,1.0
0.8986551,0.79190964,0.16950203,0.07384183,7.759331798765325e-10,1.0
0.4785679,0.7528567,0.13004614,0.660855,0.04598016713102244,1.0
0.23647812,0.265803,0.67192364,0.80379766,0.03930096359076519,0.7745917028114226
0.7729452,0.015860602,0.41450652,0.11834818,2.4630871641055925e-9,1.0
0.14691266,0.905559,0.49041876,0.63876575,0.03902155755193986,1.0
0.38162792,0.21592817,0.34377986,0.7465333,0.0034239266729845937,1.0
0.92600954,0.72300375,0.13402037,0.36557692,1.6873797472171037e-7,1.0
0.9949193,0.8886764,0.19176228,0.32498586,2.2479006772705757e-8,1.0
0.8809048,0.9645468,0.50066036,0.48181966,0.004679365441850514,1.0
