number,value,datetime_start,datetime_complete,duration,params_activation,params_batch_size,params_beta_1,params_beta_2,params_dropout_rate,params_learning_rate,params_n_layers,params_n_units,params_scale_monotonic,params_scale_nonneg,params_scale_shape,params_scale_tradeoff,params_weight_decay,user_attrs_fold_mses,state
0,0.15221676453948021,2026-08-24 06:15:56.210724,2026-08-24 06:19:57.626484,0 days 00:04:01.415760,sigmoid,16,0.8712339110678275,0.9916364247048639,0.30592644736118974,0.001331121608073689,2,8,0.03549878832196503,0.9860942908083906,0.08179499475211674,0.08730885649333642,7.4763120622522945e-06,"[0.25473257899284363, 0.26556986570358276, 0.061308491975069046, 0.13721871376037598, 0.04225417226552963]",COMPLETE
1,0.2675720602273941,2026-08-24 06:19:57.632434,2026-08-24 06:21:06.375475,0 days 00:01:08.743041,sigmoid,32,0.9465632033074559,0.9972755761330482,0.2475884550556351,0.0006647135865318024,1,64,0.08200518402245831,1.0299214204601976,0.019634341572933336,0.33959199243313637,2.3233503515390116e-06,"[0.19685347378253937, 0.15432722866535187, 0.4183753430843353, 0.13826565444469452, 0.43003860116004944]",COMPLETE
2,0.08947292789816856,2026-08-24 06:21:06.378958,2026-08-24 06:24:42.363582,0 days 00:03:35.984624,relu,8,0.9421874235023117,0.9907964325184673,0.41436875457596467,0.002115429079726122,1,8,0.03872118032174583,0.7840758945457351,0.013667272915456224,0.01597302366130558,6.516990611177181e-06,"[0.1948443502187729, 0.10772748291492462, 0.031874801963567734, 0.08412707597017288, 0.028790928423404694]",COMPLETE
3,0.28933115899562833,2026-08-24 06:24:42.367402,2026-08-24 06:28:53.826905,0 days 00:04:11.459503,tanh,8,0.9271270346685945,0.9906664018656068,0.03177917514301182,1.0388823104027935e-05,2,64,0.11895896737553548,2.7178637804725723,0.022264204303769682,1.5580940996926465,9.833181933644894e-06,"[0.2801400125026703, 0.3468289375305176, 0.2561253607273102, 0.36854448914527893, 0.1950169950723648]",COMPLETE
4,0.0741561483591795,2026-08-24 06:28:53.830729,2026-08-24 06:37:07.083201,0 days 00:08:13.252472,relu,8,0.8927541018358549,0.9902287721406968,0.4537832369630465,0.00048287152161792117,2,64,0.021070472806578238,0.5288622176491503,0.012424747083660195,0.22597636671851448,3.35515102272148e-05,"[0.17165488004684448, 0.112022764980793, 0.03189897537231445, 0.028023622930049896, 0.027180498465895653]",COMPLETE
5,0.1742067091166973,2026-08-24 06:37:07.086996,2026-08-24 06:40:43.466122,0 days 00:03:36.379126,sigmoid,8,0.9392558998489977,0.9948540801772409,0.21355389431312816,0.000794714742465374,1,16,2.6443593078398644,0.17915658660381903,4.878360603452142,0.015006703959278904,4.828424974818325e-06,"[0.34100160002708435, 0.23985345661640167, 0.041096922010183334, 0.20770074427127838, 0.04138082265853882]",COMPLETE
6,0.23740843832492828,2026-08-24 06:40:43.469153,2026-08-24 06:46:16.252631,0 days 00:05:32.783478,relu,16,0.947178208272096,0.998662025654479,0.3047821669899484,9.324140221663475e-05,4,8,0.05693074767644611,0.4522999310516461,0.310274095091284,0.012969996024538197,1.2902113024567156e-06,"[0.30904626846313477, 0.33492428064346313, 0.21703286468982697, 0.17199385166168213, 0.15404492616653442]",COMPLETE
7,0.09041025340557099,2026-08-24 06:46:16.255914,2026-08-24 06:55:13.991632,0 days 00:08:57.735718,sigmoid,8,0.8867783132719252,0.9956907524753422,0.09325925519992712,0.001038500337992742,3,32,0.7954064937683929,8.35710960016655,0.40487788181534107,0.002157640826317743,9.169384722192327e-06,"[0.18484163284301758, 0.11792504787445068, 0.06096414104104042, 0.034466326236724854, 0.053854119032621384]",COMPLETE
8,0.17141296416521073,2026-08-24 06:55:13.994998,2026-08-24 06:59:24.543911,0 days 00:04:10.548913,relu,8,0.8613473521240589,0.9983222425645071,0.26482528917800324,0.0001446125682015214,1,16,4.285663419650347,7.593688810718991,0.059405257557019295,0.276223859835716,4.630228617122102e-05,"[0.24383795261383057, 0.24926280975341797, 0.16526761651039124, 0.06022707372903824, 0.1384693682193756]",COMPLETE
9,0.04137406870722771,2026-08-24 06:59:24.547117,2026-08-24 07:03:09.849176,0 days 00:03:45.302059,relu,8,0.8661628714094614,0.9980869876967438,0.08040402570874933,0.004584154780136381,1,32,0.6596099207886096,3.363082126298069,0.010655924993232578,0.0023732319876735167,1.035582616189918e-06,"[0.11618193238973618, 0.026554575189948082, 0.02241932600736618, 0.020304717123508453, 0.021409792825579643]",COMPLETE
10,0.22713072448968888,2026-08-24 07:03:09.852295,2026-08-24 07:04:25.313732,0 days 00:01:15.461437,tanh,32,0.9142396966140347,0.9932518079679763,0.1429271542225496,0.0063421613994720395,4,32,0.5171725591654738,18.686542446216755,6.932432173673799,4.685109363240451,0.0006877477209765797,"[0.2543894648551941, 0.299617201089859, 0.08755291253328323, 0.363696813583374, 0.130397230386734]",COMPLETE
11,0.0426480146124959,2026-08-24 07:04:25.317048,2026-08-24 07:13:09.389960,0 days 00:08:44.072912,relu,8,0.8901150823029558,0.9931992102510872,0.48741791510425087,0.009444302020589929,2,128,0.34768706536400357,0.1467966635782782,0.01048538296501699,0.0014238366121907115,7.637106304017787e-05,"[0.09761561453342438, 0.06837546825408936, 0.017350776121020317, 0.013494114391505718, 0.016404099762439728]",COMPLETE
12,0.035040383040904996,2026-08-24 07:13:09.393284,2026-08-24 07:21:18.327987,0 days 00:08:08.934703,relu,8,0.8515328024319844,0.993212398165828,0.3823352010071081,0.009579478801011175,2,128,0.39334328596319135,0.10721023812327322,0.0437413030964426,0.0011923332541016911,0.0007870708682262787,"[0.09558265656232834, 0.03876200690865517, 0.017208175733685493, 0.010764196515083313, 0.012884879484772682]",COMPLETE
13,0.07840824089944362,2026-08-24 07:21:18.332053,2026-08-24 07:24:53.438672,0 days 00:03:35.106619,relu,32,0.854315239625758,0.9961188642712917,0.3816557487880124,0.003619139484491943,3,128,1.1867456069305302,2.9760739087557195,0.0702091015682845,0.0038785281402196666,0.0008872754604813377,"[0.17715199291706085, 0.1283072531223297, 0.036162104457616806, 0.026688065379858017, 0.023731788620352745]",COMPLETE
14,0.028137731738388537,2026-08-24 07:24:53.442252,2026-08-24 07:31:17.309338,0 days 00:06:23.867086,relu,8,0.8718857436587777,0.9935052838225463,0.007447670853644506,0.0045306563462568,3,32,0.20515196196795088,0.10723233615838117,0.2660513365178014,0.005643362713683808,0.00017297157797809137,"[0.0616254061460495, 0.03455985337495804, 0.018325436860322952, 0.012953556142747402, 0.0132244061678648]",COMPLETE
15,0.036288332752883436,2026-08-24 07:31:17.312743,2026-08-24 07:36:47.352779,0 days 00:05:30.040036,relu,16,0.8756706938969427,0.9934147690744197,0.17455198366465,0.00990887440328857,3,128,0.19012533762475048,0.10011322639996882,0.40639944329779815,0.005700464923074288,0.00023766377120882084,"[0.07620510458946228, 0.05615772306919098, 0.022327573969960213, 0.01159236952662468, 0.01515889260917902]",COMPLETE
16,0.08357730954885483,2026-08-24 07:36:47.356788,2026-08-24 07:47:34.254482,0 days 00:10:46.897694,tanh,8,0.8511403625665712,0.992297592159759,0.02315754864120627,0.0024688434457888304,3,32,0.21817478332205717,0.25405731777260976,1.5709024175638449,0.050778711980875045,0.0002657134791578533,"[0.15538792312145233, 0.10490184277296066, 0.05354808270931244, 0.027630366384983063, 0.07641833275556564]",COMPLETE
17,0.0724408369511366,2026-08-24 07:47:34.260658,2026-08-24 08:02:21.301534,0 days 00:14:47.040876,relu,8,0.8796707547044498,0.9945476924323894,0.3501439166248972,0.0002884651239471562,3,128,9.583592856792373,0.29570052854311196,0.19193870321069154,0.0011306330439604982,0.0002580505231317943,"[0.16659505665302277, 0.11966360360383987, 0.03124650940299034, 0.024075014516711235, 0.02062400057911873]",COMPLETE
18,0.05414548441767693,2026-08-24 08:02:21.305206,2026-08-24 08:06:17.708915,0 days 00:03:56.403709,relu,32,0.898761207680689,0.994027842182058,0.16106796882147684,0.0022098820693875225,4,128,1.9624920724733763,0.12018692813529644,1.3882107866719144,0.006595767630067749,0.00011743110970687302,"[0.1379072368144989, 0.07701125741004944, 0.019044874235987663, 0.018584033474326134, 0.01818002015352249]",COMPLETE
19,0.45344876646995547,2026-08-24 08:06:17.712580,2026-08-24 08:09:33.430537,0 days 00:03:15.717957,tanh,16,0.9041228081074167,0.9921823090053701,0.09907924572236088,1.1348451194974595e-05,2,32,0.01104540795475352,0.2338568680186593,0.04157926776437725,0.0363165650026942,0.0005997773304256161,"[0.4815257489681244, 0.3532904088497162, 0.7386948466300964, 0.3703952729701996, 0.3233375549316406]",COMPLETE
20,0.07248727716505528,2026-08-24 08:09:33.433659,2026-08-24 08:13:53.172101,0 days 00:04:19.738442,relu,8,0.8577171080433126,0.9961705434090831,0.3365291588414878,0.005348896779273153,3,16,0.28642782499372943,0.10024770947195268,0.13121283966164118,0.004265625491900467,0.00038085132478376453,"[0.1814337521791458, 0.11424566805362701, 0.022002089768648148, 0.021541599184274673, 0.023213276639580727]",COMPLETE
21,0.04027401376515627,2026-08-24 08:13:53.175815,2026-08-24 08:18:22.572546,0 days 00:04:29.396731,relu,16,0.8752531561993697,0.9934863136637089,0.172212527048975,0.008892756401441087,3,128,0.15568935842490106,0.10333778695370512,0.5793367097572546,0.007377420828976846,0.0001462959950660867,"[0.1004454493522644, 0.04527198523283005, 0.024136090651154518, 0.014678810723125935, 0.01683773286640644]",COMPLETE
22,0.023309499397873877,2026-08-24 08:18:22.575749,2026-08-24 08:21:54.494257,0 days 00:03:31.918508,relu,16,0.8664395154224914,0.992646270918747,0.01025426669385121,0.0037305568539761284,3,128,0.12284788617213634,0.1923660855932807,1.053488622195384,0.0010790062238443363,0.00016969326885040657,"[0.04029698669910431, 0.026260018348693848, 0.01707073487341404, 0.012630030512809753, 0.020289726555347443]",COMPLETE
23,0.025339106284081935,2026-08-24 08:21:54.498427,2026-08-24 08:26:51.922551,0 days 00:04:57.424124,relu,16,0.8638026848356317,0.9922902354527894,0.04838477691438449,0.003619139489609257,4,128,0.08367933582617158,0.3465035381379352,1.0542140507298132,0.0010921406331094112,3.057447219118215e-05,"[0.051216643303632736, 0.027781978249549866, 0.022883864119648933, 0.010869823396205902, 0.013943222351372242]",COMPLETE
24,0.024748710356652735,2026-08-24 08:26:51.926204,2026-08-24 08:31:34.456576,0 days 00:04:42.530372,relu,16,0.8653620520813242,0.9916704056194124,0.0077471219887193426,0.0032232818722010077,4,128,0.08206049864924404,0.3965883660335444,1.1118442685896799,0.0023264612233386563,3.0092738472803737e-05,"[0.049504976719617844, 0.028393292799592018, 0.020523160696029663, 0.009403661824762821, 0.015918459743261337]",COMPLETE
25,0.027852587681263686,2026-08-24 08:31:34.460415,2026-08-24 08:39:06.966062,0 days 00:07:32.505647,relu,16,0.8639429077131481,0.9916358847017649,0.06146751324487803,0.0016128428634192135,4,128,0.0843901303491683,0.42338948509945434,1.090980452360743,0.0029269519325644906,2.553895065740803e-05,"[0.057498134672641754, 0.03908536210656166, 0.020331135019659996, 0.0074229794554412365, 0.014925327152013779]",COMPLETE
26,0.025742537714540957,2026-08-24 08:39:06.969621,2026-08-24 08:46:30.551150,0 days 00:07:23.581529,relu,16,0.8798506059300901,0.992429753270616,0.0484115546855832,0.0031032597944668735,4,128,0.021455900626763193,1.6358975276185654,2.707739727024815,0.001817801366427989,1.5333797869822915e-05,"[0.054495830088853836, 0.027822958305478096, 0.020833026617765427, 0.007236587814986706, 0.018324285745620728]",COMPLETE
27,0.06177806351333857,2026-08-24 08:46:30.554432,2026-08-24 08:55:52.732149,0 days 00:09:22.177717,relu,16,0.8660085046912309,0.9913656431844874,0.12148699135952153,0.000448829175000836,4,128,0.09021655826547959,0.3306616968830517,0.7631255010079956,0.0011059841427997759,7.871885912830166e-05,"[0.15313483774662018, 0.10154468566179276, 0.02118898183107376, 0.014628336764872074, 0.01839347556233406]",COMPLETE
28,0.28110880106687547,2026-08-24 08:55:52.736343,2026-08-24 08:59:25.322529,0 days 00:03:32.586186,tanh,16,0.8846705270271304,0.9925013566368918,0.0016394740354408327,0.0013613663707357985,4,128,0.04666905501421804,0.6160144966943681,2.7251613801818926,0.0029506914046916618,1.8746344287458602e-05,"[0.33636659383773804, 0.25864627957344055, 0.0398176833987236, 0.3281162679195404, 0.4425971806049347]",COMPLETE
29,0.08857833296060562,2026-08-24 08:59:25.326863,2026-08-24 09:04:44.695232,0 days 00:05:19.368369,sigmoid,16,0.868298565788247,0.9915573945358532,0.058619053134348946,0.0018847373378411145,4,8,0.02195911487557285,1.0435915277648917,2.5275756842918833,0.0010186537665410776,5.137464340795393e-05,"[0.18134982883930206, 0.1540013700723648, 0.05491096153855324, 0.023774955421686172, 0.028854548931121826]",COMPLETE
30,0.08933726847171783,2026-08-24 09:04:44.698563,2026-08-24 09:16:06.830009,0 days 00:11:22.131446,sigmoid,16,0.85905184108439,0.9900228303275675,0.11753894378304336,3.656669467052824e-05,4,128,0.0674010027294999,0.20291838633287754,0.9449982783210813,0.010213416320793142,3.586711065659105e-06,"[0.19024765491485596, 0.11581231653690338, 0.05171665921807289, 0.04059900715947151, 0.04831070452928543]",COMPLETE
31,0.024015563540160656,2026-08-24 09:16:06.833330,2026-08-24 09:22:43.727703,0 days 00:06:36.894373,relu,16,0.8823425278944872,0.9923241246060224,0.04783391020834731,0.0032557495868669383,4,128,0.02202911532694911,1.893363019549868,2.8958289256687504,0.00236236193437631,1.5683598585931743e-05,"[0.04307442158460617, 0.026504887267947197, 0.02586022950708866, 0.009092111140489578, 0.015546168200671673]",COMPLETE
32,0.024652440473437308,2026-08-24 09:22:43.731608,2026-08-24 09:28:36.071594,0 days 00:05:52.339986,relu,16,0.8715351474535221,0.9909962552828302,0.03869947752958409,0.0032404103372689567,4,128,0.010578745749962504,1.440250075793455,1.868784055887155,0.002248374291871285,2.5259864179680452e-05,"[0.05132406949996948, 0.028236981481313705, 0.018796006217598915, 0.009958373382687569, 0.014946771785616875]",COMPLETE
33,0.03733571749180555,2026-08-24 09:28:36.075391,2026-08-24 09:36:59.107119,0 days 00:08:23.031728,relu,16,0.8814506039275797,0.9910041230668439,0.07601301936989474,0.0011064567697700025,4,128,0.013996297873862614,1.5605935178227783,4.291911607507282,0.029547123639064064,1.3852566644795822e-05,"[0.08246537297964096, 0.05708349496126175, 0.02036469429731369, 0.010776783339679241, 0.015988241881132126]",COMPLETE
34,0.03218481764197349,2026-08-24 09:36:59.114400,2026-08-24 09:42:39.805815,0 days 00:05:40.691415,relu,16,0.8714204653583757,0.9910136035080334,0.03081290067055682,0.0027335485888998964,4,64,0.03566986237389561,1.69318356627526,2.02824619697633,0.0023053312622616988,7.439893259336595e-05,"[0.08624862134456635, 0.03029286116361618, 0.020859617739915848, 0.007515113800764084, 0.01600787416100502]",COMPLETE
35,0.025213487446308136,2026-08-24 09:42:39.808871,2026-08-24 09:47:52.988067,0 days 00:05:13.179196,relu,16,0.8945883190543119,0.9927098728232762,0.03285601766879308,0.005339249472068879,4,128,0.010078532284656381,0.8555860135030127,9.572339163965973,0.0031801882279613516,2.1188471340487203e-05,"[0.053462106734514236, 0.02935492992401123, 0.02281854674220085, 0.007368831895291805, 0.013063021935522556]",COMPLETE
36,0.111353849619627,2026-08-24 09:47:52.992651,2026-08-24 09:52:36.519521,0 days 00:04:43.526870,sigmoid,16,0.9036608169287443,0.9904997888593436,0.004885184853123135,0.001773735546801767,3,8,0.02860423267965529,4.882719770486932,3.462324771917231,0.009442884699049381,1.1491143935224918e-05,"[0.23001855611801147, 0.13076187670230865, 0.054131921380758286, 0.06355508416891098, 0.0783018097281456]",COMPLETE
37,0.06623368300497531,2026-08-24 09:52:36.523830,2026-08-24 09:59:57.864125,0 days 00:07:21.340295,relu,16,0.875121370302162,0.9919006935808615,0.10752549402340722,0.0007111617885695076,4,64,0.017434289267104438,0.67034102436272,0.6795560460094209,0.01834497524790748,4.96558009989057e-06,"[0.1522126942873001, 0.10852853208780289, 0.025703726336359978, 0.026952512562274933, 0.017770949751138687]",COMPLETE
38,0.02511166138574481,2026-08-24 09:59:57.867471,2026-08-24 10:05:05.014289,0 days 00:05:07.146818,relu,16,0.8860007837462635,0.9911864974200595,0.0729375710781272,0.006224472673046145,3,128,0.12901074756485262,1.0505518691767801,1.7500216678364942,0.13108993575293548,4.348478212723342e-05,"[0.052327293902635574, 0.027784401550889015, 0.021896250545978546, 0.007517937105149031, 0.016032423824071884]",COMPLETE
39,0.27553863525390626,2026-08-24 10:05:05.018216,2026-08-24 10:07:08.059563,0 days 00:02:03.041347,tanh,32,0.8588689584489853,0.990442929344833,0.2135321882513752,0.0009918526087037962,4,16,0.02957783957131867,2.185023016778682,5.746976990361672,0.001993387294347734,2.447719873596856e-06,"[0.32530340552330017, 0.248611181974411, 0.26041990518569946, 0.3133133053779602, 0.2300453782081604]",COMPLETE
40,0.06672310791909694,2026-08-24 10:07:08.062918,2026-08-24 10:12:12.956915,0 days 00:05:04.893997,relu,16,0.9294926751551754,0.9927569561791437,0.03315439388573932,0.0033682180229371796,4,8,0.04658533425558669,1.2870529293968824,0.4813190784430421,0.004332849856209518,8.157560250746449e-06,"[0.1808578222990036, 0.0803038477897644, 0.028482254594564438, 0.022437062114477158, 0.021534552797675133]",COMPLETE
41,0.030890312045812607,2026-08-24 10:12:12.960029,2026-08-24 10:18:04.661832,0 days 00:05:51.701803,relu,16,0.8881027594864731,0.9912779780186158,0.07597025852132144,0.006892193129459124,3,128,0.09847683952683721,1.1385652849902586,1.6896593072659827,0.14363665043328813,4.3592569394757274e-05,"[0.07833150774240494, 0.02488340623676777, 0.02044130302965641, 0.010558709502220154, 0.020236633718013763]",COMPLETE
42,0.04647198673337698,2026-08-24 10:18:04.666933,2026-08-24 10:24:01.281725,0 days 00:05:56.614792,relu,16,0.8839321310400864,0.9918278996939411,0.13769504817630207,0.004182086537005599,3,128,0.1464420566677447,4.247867384085538,1.337013008465317,2.277398463929324,3.69145334067561e-05,"[0.1004858985543251, 0.07138696312904358, 0.02715003304183483, 0.012391780503094196, 0.02094525843858719]",COMPLETE
43,0.029637221060693265,2026-08-24 10:24:01.286717,2026-08-24 10:27:56.472847,0 days 00:03:55.186130,relu,16,0.86991317967194,0.9909023088537409,0.08143274574808149,0.006960871920701708,2,128,0.13469125477041224,2.2202144231968495,2.1407585191043443,0.10727448701926447,6.518355586503956e-05,"[0.06179880350828171, 0.030095938593149185, 0.026289071887731552, 0.010097402147948742, 0.019904889166355133]",COMPLETE
44,0.02660028785467148,2026-08-24 10:27:56.476751,2026-08-24 10:33:09.845878,0 days 00:05:13.369127,relu,16,0.8946462126215379,0.9919577539177931,0.05114265049481403,0.0021431483188690884,3,128,0.016142109586850698,0.520699002147231,3.9680358035733945,0.5227763510060355,2.651694745657681e-05,"[0.05863290652632713, 0.02365291677415371, 0.01920645497739315, 0.011090736836194992, 0.020418424159288406]",COMPLETE
45,0.07827578336000443,2026-08-24 10:33:09.852142,2026-08-24 10:35:59.336697,0 days 00:02:49.484555,sigmoid,16,0.8778720827626721,0.9912598891027239,0.02387803737581209,0.002739249868196781,2,64,0.06452316078082274,0.1609067159220539,0.8624929213578774,0.8013501506709049,1.7592114164585314e-05,"[0.17989127337932587, 0.11592001467943192, 0.028070786967873573, 0.04811131954193115, 0.019385522231459618]",COMPLETE
46,0.029850505106151105,2026-08-24 10:35:59.340159,2026-08-24 10:41:01.233950,0 days 00:05:01.893791,relu,16,0.8894044640218852,0.994037993710852,0.09400187663483128,0.006390512748839521,3,128,0.04516276261726636,0.7673492853001883,3.3586453241104497,0.0016863124265698239,0.00010092206190960149,"[0.05118805170059204, 0.04492075368762016, 0.03006274439394474, 0.009496092796325684, 0.013584882952272892]",COMPLETE
47,0.09299142472445965,2026-08-24 10:41:01.237934,2026-08-24 10:43:58.459474,0 days 00:02:57.221540,relu,32,0.8723493941738115,0.9929317136558906,0.008152996036044913,0.0014593634100066898,4,16,0.026799478918425455,2.2242691996607102,8.068349269758617,0.019436896219604417,1.0450223274540373e-05,"[0.1725432276725769, 0.15568922460079193, 0.06173354387283325, 0.026510214433073997, 0.048480913043022156]",COMPLETE
48,0.032677624560892585,2026-08-24 10:43:58.463219,2026-08-24 10:50:28.352895,0 days 00:06:29.889676,relu,16,0.8557023598459648,0.9907118824822754,0.06889356833370958,0.004355536189115475,3,128,0.2528555338014001,1.2363607327155615,5.723893223839466,1.3769953316895707,5.944270939181704e-06,"[0.06964147090911865, 0.05068623274564743, 0.019098736345767975, 0.009954427368938923, 0.01400725543498993]",COMPLETE
49,0.06042480431497097,2026-08-24 10:50:28.357285,2026-08-24 10:58:12.535495,0 days 00:07:44.178210,relu,16,0.9122420708640995,0.9901140974848133,0.034971610804184046,0.0005513860103907987,3,128,0.3614436325845993,7.2061797867566835,1.890924898562283,0.055483368575848256,5.760295119871999e-05,"[0.12747924029827118, 0.11667856574058533, 0.020176520571112633, 0.017764579504728317, 0.020025115460157394]",COMPLETE
50,0.1605928547680378,2026-08-24 10:58:12.538840,2026-08-24 11:02:29.391574,0 days 00:04:16.852734,tanh,16,0.8827314712462471,0.991620779526492,0.13627048264346112,0.0009075487753322909,2,128,0.10835216394932934,0.8827734749146674,1.3666329205822567,0.0043563205695363125,4.1710004274232564e-05,"[0.18030619621276855, 0.19198785722255707, 0.3058066964149475, 0.08200967311859131, 0.04285385087132454]",COMPLETE
51,0.025355839170515537,2026-08-24 11:02:29.395451,2026-08-24 11:09:02.495321,0 days 00:06:33.099870,relu,16,0.8927030869451694,0.9927321856201327,0.043187530577680495,0.005306005508518437,4,128,0.010613004173577169,0.41804937229448724,6.8221459488372895,0.0028524134729343877,2.1694345454674526e-05,"[0.048094332218170166, 0.026661638170480728, 0.022944636642932892, 0.011268124915659428, 0.017810463905334473]",COMPLETE
52,0.023442575056105853,2026-08-24 11:09:02.498991,2026-08-24 11:15:00.389347,0 days 00:05:57.890356,relu,16,0.9006386328880326,0.9938573624632494,0.02175656153883038,0.0053357976075535515,4,128,0.012612574077534076,0.7982340515955607,0.5414057925524944,0.0015002212094158078,1.327257492972052e-05,"[0.0521540604531765, 0.021885065361857414, 0.02116679958999157, 0.006723067257553339, 0.01528388261795044]",COMPLETE
53,0.04991994258016348,2026-08-24 11:15:00.393589,2026-08-24 11:19:49.331684,0 days 00:04:48.938095,relu,16,0.9141994242451983,0.9939896884884835,0.017481413485899648,0.007438084350288509,4,128,0.015295699968869089,0.5847387482525357,0.5690210318806248,0.0014106924961753311,1.325388256923849e-05,"[0.1703396588563919, 0.03209277614951134, 0.020673880353569984, 0.006726381368935108, 0.019767016172409058]",COMPLETE
54,0.035812678001821044,2026-08-24 11:19:49.335581,2026-08-24 11:23:33.406928,0 days 00:03:44.071347,relu,32,0.9026981910729208,0.9949273483711626,0.09001075878598735,0.0033333507680370165,4,128,0.012874504656247326,0.7169339504108617,0.28290865033894563,0.001709194800360363,2.788545545268503e-05,"[0.0702807605266571, 0.04497765377163887, 0.025099217891693115, 0.009618491865694523, 0.029087265953421593]",COMPLETE
55,0.029446693882346154,2026-08-24 11:23:33.410409,2026-08-24 11:25:39.092373,0 days 00:02:05.681964,relu,16,0.9106089579604588,0.9945152567444338,0.002005920002984161,0.0024030523470349265,1,128,0.05590680003163229,1.4422261917422596,0.3715326353281521,0.002301905040393555,3.486999995872728e-05,"[0.06915134936571121, 0.030524661764502525, 0.016366932541131973, 0.015128850936889648, 0.016061674803495407]",COMPLETE
56,0.053975466452538964,2026-08-24 11:25:39.095663,2026-08-24 11:31:10.587285,0 days 00:05:31.491622,relu,16,0.8992265080893025,0.9931410525689791,0.06236276797315801,0.004297910012293477,4,32,0.02414697651074185,0.9557218694220638,1.3041933899423015,0.1739287841274541,7.340298593642246e-06,"[0.1350809633731842, 0.08221904188394547, 0.019941579550504684, 0.01201841700822115, 0.020617330446839333]",COMPLETE
57,0.040798744186758995,2026-08-24 11:31:10.591057,2026-08-24 11:36:15.573916,0 days 00:05:04.982859,relu,16,0.9196146606971973,0.9920899850378747,0.017413745128192295,0.00817260696021347,3,128,0.5474262578255497,1.9176010114603868,0.1874090750468179,0.005997872010331504,0.00048719282911980255,"[0.1053229421377182, 0.031421348452568054, 0.03316326439380646, 0.010008450597524643, 0.02407771535217762]",COMPLETE
58,0.05623090658336878,2026-08-24 11:36:15.578384,2026-08-24 11:41:00.779538,0 days 00:04:45.201154,relu,16,0.8625156049964012,0.9937607194032918,0.06199631041453588,0.005440175629994207,4,16,0.17697168496410687,0.5017415202623973,1.0374058512497015,0.001446049452987162,0.00010159546580891385,"[0.14024178683757782, 0.08592751622200012, 0.024343866854906082, 0.01233310904353857, 0.018308253958821297]",COMPLETE
59,0.20208923220634462,2026-08-24 11:41:00.782915,2026-08-24 11:43:11.743996,0 days 00:02:10.961081,sigmoid,16,0.8775288592502228,0.9954510889319073,0.044625718445068,0.0029501376165583333,4,128,0.03370026282527284,3.4251088449586535,0.6350023794545376,4.6677258682704625,0.00020205161672960976,"[0.18151584267616272, 0.1781827211380005, 0.13171149790287018, 0.12864865362644196, 0.3903874456882477]",COMPLETE
60,0.1197210669517517,2026-08-24 11:43:11.747703,2026-08-24 11:45:26.299786,0 days 00:02:14.552083,relu,32,0.907739783997687,0.9973668834372784,0.109321777404502,0.0012270792591735787,3,8,0.01943031863744483,0.2568873191519833,2.3457824172368547,0.009157691959208755,9.104285115864105e-06,"[0.19045861065387726, 0.18204264342784882, 0.08040042966604233, 0.08532603085041046, 0.06037762016057968]",COMPLETE
61,0.02494533807039261,2026-08-24 11:45:26.303200,2026-08-24 11:51:33.276193,0 days 00:06:06.972993,relu,16,0.897445862915013,0.9925870471104752,0.030674971577542155,0.003889242541182111,4,128,0.011228010949745012,0.8653827235987773,2.9671739575219296,0.0034448346738564536,1.939899826594354e-05,"[0.05220175161957741, 0.022493381053209305, 0.021391062065958977, 0.008981375023722649, 0.019659120589494705]",COMPLETE
62,0.026852683536708354,2026-08-24 11:51:33.280468,2026-08-24 11:57:36.789396,0 days 00:06:03.508928,relu,16,0.898716243848257,0.9924621836190187,0.020955550429062567,0.00199239036001259,4,128,0.012470314928347586,1.0341822368434812,3.0030876216612064,0.0034171415257215967,1.6352211423490283e-05,"[0.04947894439101219, 0.028376003727316856, 0.021776072680950165, 0.014056333340704441, 0.02057606354355812]",COMPLETE
63,0.026933415420353414,2026-08-24 11:57:36.792763,2026-08-24 12:04:48.620973,0 days 00:07:11.828210,relu,16,0.8854578650099751,0.9914370662648261,0.04823760546112964,0.004036111313539651,4,128,0.020206940705914094,2.8157325961867183,1.6804175339255758,0.002355835676527271,2.359420140551211e-05,"[0.0583990216255188, 0.024471351876854897, 0.022026006132364273, 0.014716492034494877, 0.015054205432534218]",COMPLETE
64,0.025600676611065864,2026-08-24 12:04:48.624688,2026-08-24 12:10:56.971881,0 days 00:06:08.347193,relu,16,0.8924699823721601,0.9918618348976512,0.07137777566723202,0.005884179598188895,4,128,0.012405474254674424,0.12935683020869432,0.01777000755698033,0.0014661598645418566,1.3136002898741977e-05,"[0.05861588194966316, 0.027651140466332436, 0.01986677758395672, 0.008611063472926617, 0.01325851958245039]",COMPLETE
65,0.02441037483513355,2026-08-24 12:10:56.975802,2026-08-24 12:22:07.379524,0 days 00:11:10.403722,relu,8,0.8729966732732074,0.9930642088155142,0.08794025136144087,0.0035360856786915366,4,128,0.010069602664239188,0.3458584752818177,0.791463747594318,0.004410929437691312,3.1996780198197365e-05,"[0.05112587288022041, 0.022995173931121826, 0.022318195551633835, 0.009589746594429016, 0.016022885218262672]",COMPLETE
66,0.07980394884943962,2026-08-24 12:22:07.383602,2026-08-24 12:32:30.474706,0 days 00:10:23.091104,tanh,8,0.8665693907952435,0.9930538770152662,0.0005713779648348471,0.0022813418992929766,4,64,0.015069254709931595,0.3532426034725967,0.8432302708421044,0.005083429328556614,3.2833635147610744e-05,"[0.13330478966236115, 0.14102594554424286, 0.019867531955242157, 0.04242393374443054, 0.0623975433409214]",COMPLETE
67,0.025952248275279997,2026-08-24 12:32:30.480123,2026-08-24 12:41:38.971307,0 days 00:09:08.491184,relu,8,0.8747876117749065,0.9936838120462966,0.09262436596515317,0.003485060498555767,4,128,0.010549461642938664,0.2217780380136235,0.44311948438507687,0.007592742856314798,1.9109757045764062e-05,"[0.049502063542604446, 0.029381485655903816, 0.020527929067611694, 0.010021014139056206, 0.02032874897122383]",COMPLETE
68,0.0765867680311203,2026-08-24 12:41:38.975264,2026-08-24 12:50:57.364539,0 days 00:09:18.389275,relu,8,0.8610764229794317,0.9943933812985607,0.43725503761522433,0.0016019121639910977,4,32,0.017408680987343914,0.17526912993701285,0.7673908711981764,0.0038083789042920447,3.600187806155189e-06,"[0.1839575469493866, 0.12832720577716827, 0.02734479308128357, 0.023955831304192543, 0.01934846304357052]",COMPLETE
69,0.03110029436647892,2026-08-24 12:50:57.368291,2026-08-24 12:59:36.861958,0 days 00:08:39.493667,relu,8,0.8679797757090261,0.992250250500815,0.036768977561754033,0.009938500885293567,4,128,0.02330485258413394,0.26888146767707916,0.22421166686300875,0.012013143819210079,1.056927726186628e-05,"[0.09282254427671432, 0.02393122762441635, 0.016631748527288437, 0.007963589392602444, 0.014152362011373043]",COMPLETE
70,0.02365538142621517,2026-08-24 12:59:36.865598,2026-08-24 13:07:57.742802,0 days 00:08:20.877204,relu,8,0.8538370782877432,0.9933592411645152,0.015550542242010398,0.002719011005954875,4,128,0.010069951709984386,0.38398845441849255,1.1563346306167275,0.0026413641311481746,0.0003534863946824674,"[0.05142273008823395, 0.02253285050392151, 0.020176198333501816, 0.009196390397846699, 0.014948737807571888]",COMPLETE
71,0.022726794146001338,2026-08-24 13:07:57.746239,2026-08-24 13:16:03.384058,0 days 00:08:05.637819,relu,8,0.8514183834526987,0.9934713976195585,0.016169618101027967,0.002690216708347443,4,128,0.013040930902925869,0.3830462546572459,1.1896884525570033,0.002682483559978292,0.0003362070142829716,"[0.04669765383005142, 0.02445535734295845, 0.01781986653804779, 0.009837237186729908, 0.014823855832219124]",COMPLETE
72,0.023161377105861903,2026-08-24 13:16:03.388438,2026-08-24 13:23:35.480558,0 days 00:07:32.092120,relu,8,0.8500984935046704,0.9933115447679266,0.016124795968567848,0.004769096892494473,4,128,0.014229569696494332,0.39362706619210364,1.1681189307199682,0.002585422989626287,0.00047296937632153953,"[0.04453589394688606, 0.02973267063498497, 0.02047325111925602, 0.0069164312444627285, 0.01414863858371973]",COMPLETE
73,0.023259018547832966,2026-08-24 13:23:35.484635,2026-08-24 13:35:14.451928,0 days 00:11:38.967293,relu,8,0.8508377495895038,0.9933174942244776,0.01628617036331082,0.0026515341612570577,4,128,1.0205778332194293,0.19981561791249347,0.5132446552561715,0.0012903148959145512,0.0003042593366982816,"[0.048917416483163834, 0.03180926293134689, 0.014221261255443096, 0.007949676364660263, 0.013397475704550743]",COMPLETE
74,0.021983564272522925,2026-08-24 13:35:14.458545,2026-08-24 13:47:39.192044,0 days 00:12:24.733499,relu,8,0.8510007713239512,0.9934526707956165,0.01640753265033086,0.0026293643682525933,4,128,1.5105898747308049,0.2971706537797759,0.3635914620823023,0.0011387623783085821,0.0003352990093440686,"[0.040936801582574844, 0.0297195203602314, 0.0154566066339612, 0.00981433317065239, 0.013990559615194798]",COMPLETE
75,0.022466587834060192,2026-08-24 13:47:39.197308,2026-08-24 13:59:16.561843,0 days 00:11:37.364535,relu,8,0.8504682751608332,0.993665171237061,0.016862495131748027,0.002577475448043225,4,128,1.5264922059047712,0.29111286417032534,0.3451918893076347,0.0012795829782285132,0.00033521836205417736,"[0.05345648154616356, 0.024406619369983673, 0.013298284262418747, 0.007983739487826824, 0.013187814503908157]",COMPLETE
76,0.024612048640847206,2026-08-24 13:59:16.566019,2026-08-24 14:11:03.338801,0 days 00:11:46.772782,relu,8,0.850527326057172,0.9933981842003117,0.016791662009185814,0.001842607294937141,4,128,1.1651225362489948,0.19347804485326825,0.30386412298116794,0.0011496541554966576,0.00033433229159423623,"[0.04971245303750038, 0.029413390904664993, 0.019804388284683228, 0.007405074313282967, 0.01672493666410446]",COMPLETE
77,0.0721708320081234,2026-08-24 14:11:03.344704,2026-08-24 14:19:19.512199,0 days 00:08:16.167495,sigmoid,8,0.8534924785168954,0.9942490184657714,0.01980843447402598,0.0026162811773144485,4,128,1.838739708905513,0.29256170270446297,0.3702706755006246,0.0010239511123227717,0.000500874474447912,"[0.18318289518356323, 0.11384047567844391, 0.01834656298160553, 0.022081565111875534, 0.023402661085128784]",COMPLETE
78,0.022291602659970523,2026-08-24 14:19:19.516398,2026-08-24 14:30:23.187492,0 days 00:11:03.671094,relu,8,0.8535148911583232,0.9937290228321346,0.013785054902722778,0.0049382698246565855,4,128,1.2057195658839523,0.14693082415440412,0.5344710131302349,0.0013087305206091737,0.000337963404424458,"[0.0464005172252655, 0.026013735681772232, 0.01767447218298912, 0.007156615611165762, 0.014212672598659992]",COMPLETE
79,0.09444216452538967,2026-08-24 14:30:23.194090,2026-08-24 14:41:53.683552,0 days 00:11:30.489462,tanh,8,0.8562624733188191,0.9937176094007414,0.058091893478852207,0.004803620178732876,4,16,3.713506985408327,0.14462143958737733,0.1637210732200223,0.0014030967388661297,0.00030004009856974585,"[0.2641740143299103, 0.12145575135946274, 0.031009484082460403, 0.029429718852043152, 0.026141854003071785]",COMPLETE
80,0.21900393664836884,2026-08-24 14:41:53.691079,2026-08-24 14:55:55.243723,0 days 00:14:01.552644,relu,8,0.8522846359230284,0.9947353718305205,0.0006176337607794874,5.5142059946636835e-05,4,8,0.979350973298311,0.21248694121767706,0.5590839387725539,0.0018978310757611493,0.0008796743675037082,"[0.2564852833747864, 0.3144645094871521, 0.20111219584941864, 0.16934247314929962, 0.15361522138118744]",COMPLETE
81,0.0249692608602345,2026-08-24 14:55:55.248170,2026-08-24 15:07:33.990485,0 days 00:11:38.742315,relu,8,0.8538251629017182,0.9933905691596592,0.017134494560636815,0.0024046470568189066,4,128,1.6235614633239321,0.4526099265267937,0.11059181034449654,0.0013167085497418367,0.00040194729074763744,"[0.05504544451832771, 0.0298889372497797, 0.01724933087825775, 0.007231570314615965, 0.015431021340191364]",COMPLETE
82,0.02506334688514471,2026-08-24 15:07:33.994574,2026-08-24 15:20:12.815107,0 days 00:12:38.820533,relu,8,0.8507362031282839,0.9939104145022931,0.02855457595083466,0.0012922962457296945,4,128,2.684481648570822,0.24498284706275425,0.5136315743667081,0.0028457066025249014,0.0006758196392818514,"[0.04907665774226189, 0.0319620780646801, 0.017608927562832832, 0.00855253916233778, 0.018116531893610954]",COMPLETE
83,0.023314311541616915,2026-08-24 15:20:12.820231,2026-08-24 15:30:46.869625,0 days 00:10:34.049394,relu,8,0.8598407747302516,0.9936063141992187,0.014470673904298934,0.004640054672180974,4,128,0.7361177855582599,0.30430492831269973,0.24192396249203338,0.0016471641981429047,0.00023054919403757396,"[0.04363980144262314, 0.028286581858992577, 0.019880877807736397, 0.010041594505310059, 0.014722702093422413]",COMPLETE
84,0.025390669330954553,2026-08-24 15:30:46.873117,2026-08-24 15:43:01.144564,0 days 00:12:14.271447,relu,8,0.858416771821021,0.9936468709100496,0.053301113899678405,0.007662313202489319,4,128,0.8424503986819318,0.17071975102668577,0.38916145045841927,0.0017317118341197675,0.0001605145035384035,"[0.04863414168357849, 0.03253765404224396, 0.0174007136374712, 0.01127593219280243, 0.01710490509867668]",COMPLETE
85,0.023367157205939293,2026-08-24 15:43:01.150129,2026-08-24 15:52:45.166609,0 days 00:09:44.016480,relu,8,0.8613327187262477,0.9942917361976148,0.038968021714943145,0.00489916836907108,4,128,1.3046787250623573,0.12807478250956378,0.24231645280763708,0.0012888661010885065,0.00022272033324657352,"[0.047528691589832306, 0.023995816707611084, 0.021788746118545532, 0.010003630071878433, 0.01351890154182911]",COMPLETE
86,0.027699010074138643,2026-08-24 15:52:45.173688,2026-08-24 16:06:22.561900,0 days 00:13:37.388212,relu,8,0.8596409335379129,0.995108757984108,0.04077079190208853,0.004775330591005576,4,64,1.433776711674897,0.12338771665439681,0.26144802648779947,0.001020353453393129,0.00021176593885362057,"[0.062386173754930496, 0.03591187670826912, 0.016240276396274567, 0.007082914933562279, 0.016873808577656746]",COMPLETE
87,0.023781155794858934,2026-08-24 16:06:22.570022,2026-08-24 16:19:47.460005,0 days 00:13:24.889983,relu,8,0.8552711215037339,0.9943217043669923,0.011333906673182575,0.0016706774692960666,4,128,2.2702830358240504,0.29417615919260104,0.13164437374717955,0.0019580541660956115,0.00027917567681492355,"[0.049123771488666534, 0.02709091082215309, 0.017602523788809776, 0.011814192868769169, 0.013274380005896091]",COMPLETE
88,0.023998586274683476,2026-08-24 16:19:47.465124,2026-08-24 16:31:49.419571,0 days 00:12:01.954447,relu,8,0.8616811147349643,0.9941276907790926,0.030769922492285634,0.002069929872447489,4,128,0.7705445231603887,0.13689209118843398,0.2286038971525044,0.0011948062765025189,0.00045368437594015535,"[0.048119138926267624, 0.026013290509581566, 0.02085636556148529, 0.010355666279792786, 0.014648470096290112]",COMPLETE
89,0.022421448677778243,2026-08-24 16:31:49.426067,2026-08-24 16:41:06.327314,0 days 00:09:16.901247,relu,8,0.8572315933854675,0.9928839608730019,0.0007223057724112976,0.00387091635458382,4,32,1.0732193928111344,0.1576310528337984,0.3522363767799057,0.00190548661698152,0.00013129328852639108,"[0.0454193539917469, 0.026643628254532814, 0.01619195006787777, 0.00944049097597599, 0.014411820098757744]",COMPLETE
90,0.24897721409797668,2026-08-24 16:41:06.333533,2026-08-24 16:57:29.011866,0 days 00:16:22.678333,relu,8,0.850023681300638,0.9929303193248229,0.008924890525273793,1.401134179001402e-05,4,32,0.5115287885190435,0.19759326755142526,0.32411052134118823,0.0018477890509113466,0.0001238196268973186,"[0.4092883765697479, 0.28317615389823914, 0.24102868139743805, 0.1722554862499237, 0.1391373723745346]",COMPLETE
91,0.02576631810516119,2026-08-24 16:57:29.017216,2026-08-24 17:08:10.917986,0 days 00:10:41.900770,relu,8,0.856391419691032,0.9935345536936004,0.0009100833833634685,0.0029521209662963246,4,32,1.2793228397060277,0.1524689158026873,0.44687953117278006,0.0012696263292308366,0.00019528026207506552,"[0.05215972661972046, 0.030277634039521217, 0.018350763246417046, 0.008578549139201641, 0.019464917480945587]",COMPLETE
92,0.0403305746614933,2026-08-24 17:08:10.923094,2026-08-24 17:16:35.292153,0 days 00:08:24.369059,relu,8,0.8634721174094855,0.9928182534249707,0.037386488615176634,0.004812146635688433,4,32,1.0652580459628254,0.11346301359668025,0.23414563766896265,0.0016346439008495803,0.00023516957653654488,"[0.10427900403738022, 0.03691244125366211, 0.020198259502649307, 0.019279561936855316, 0.020983606576919556]",COMPLETE
93,0.07475234195590019,2026-08-24 17:16:35.299591,2026-08-24 17:24:34.030042,0 days 00:07:58.730451,relu,8,0.8574588360426524,0.9931907099748298,0.29512642432046876,0.003994846198973287,4,32,0.6089751127252788,0.3155476561082439,0.33704658024864503,0.002029990858035501,0.0005974040378617011,"[0.1834910809993744, 0.12470488995313644, 0.0242871455848217, 0.021167421713471413, 0.020111171528697014]",COMPLETE
94,0.02145408494397998,2026-08-24 17:24:34.036388,2026-08-24 17:39:25.593537,0 days 00:14:51.557149,relu,8,0.8598421696064347,0.9935550186958694,0.026296038772655003,0.006057152793903762,4,128,0.8779918768168896,0.18868599422470972,0.6572183264124081,0.0027341370854865486,0.00013237005589522024,"[0.04448282718658447, 0.024568459019064903, 0.01662360690534115, 0.007168126758188009, 0.01442740485072136]",COMPLETE
95,0.02092388765886426,2026-08-24 17:39:25.599597,2026-08-24 17:42:44.874776,0 days 00:03:19.275179,relu,8,0.852850523999874,0.9932748118614371,0.025607359162322447,0.0063029434531481614,1,128,0.9115311605022663,0.18621661211133622,0.7024834909911273,0.0027595351759512076,0.00013886990935602227,"[0.042035579681396484, 0.024328889325261116, 0.015856463462114334, 0.006995849777013063, 0.0154026560485363]",COMPLETE
96,0.053509794920682904,2026-08-24 17:42:44.881589,2026-08-24 17:48:10.235411,0 days 00:05:25.353822,sigmoid,8,0.8526924205432187,0.9932855394917531,0.054565574718620224,0.008607329665909103,1,32,0.957519733243479,0.22652595471980044,0.7206826685411909,0.0026233533192198772,0.00013184275575026436,"[0.1518121063709259, 0.05111922696232796, 0.021717935800552368, 0.01630924455821514, 0.026590460911393166]",COMPLETE
97,0.030666019767522812,2026-08-24 17:48:10.241083,2026-08-24 17:52:39.247553,0 days 00:04:29.006470,relu,8,0.8551765756503072,0.9929500140335613,0.49233297917823554,0.006704505546013608,1,128,3.0193566478871317,0.16416765205599712,0.9223477815560509,0.00499531775032866,0.00017600826263611757,"[0.08152446150779724, 0.02955656684935093, 0.020186152309179306, 0.007908296771347523, 0.01415462139993906]",COMPLETE
98,0.020844477973878384,2026-08-24 17:52:39.252050,2026-08-24 17:59:15.377192,0 days 00:06:36.125142,relu,8,0.8525119532838651,0.9926746976716694,0.02510730241234942,0.006040217311232706,2,128,0.4428490639786172,0.18403406326141228,0.6644566839141581,0.0035019575618488456,9.255831710031029e-05,"[0.04021480679512024, 0.024162117391824722, 0.01673697680234909, 0.008674809709191322, 0.014433679170906544]",COMPLETE
99,1.8704528093338013,2026-08-24 17:59:15.382851,2026-08-24 18:03:11.952450,0 days 00:03:56.569599,tanh,8,0.8521766387852625,0.9940900612779493,0.02540992079278293,0.006260945210640844,4,128,9.475795181418254,0.26924213442525596,0.6240207305665388,0.0035512906919245835,9.202549878410716e-05,"[1.3840280771255493, 2.823729991912842, 3.3818607330322266, 0.394336462020874, 1.3683087825775146]",COMPLETE
100,0.05522825997322798,2026-08-24 18:03:11.960571,2026-08-24 18:10:01.942504,0 days 00:06:49.981933,relu,8,0.8500269629278017,0.9932321979838485,0.06806993884886087,0.000219702352548782,1,128,0.43707344412116816,0.1817636053086119,0.4517328726121554,0.0073454848751699905,0.0003101653852652876,"[0.13032039999961853, 0.09080240875482559, 0.016767894849181175, 0.015255817212164402, 0.02299477905035019]",COMPLETE
101,0.02190362913534045,2026-08-24 18:10:01.947250,2026-08-24 18:17:32.696677,0 days 00:07:30.749427,relu,8,0.8576674511077622,0.9938339215494696,0.02859199527039879,0.003871987482872746,2,128,1.51080893255708,0.23682329895372223,0.6666434111750084,0.0022553995153648224,0.00014526864218321632,"[0.04392469674348831, 0.02343486249446869, 0.021211111918091774, 0.00616014888510108, 0.014787325635552406]",COMPLETE
102,0.02231102529913187,2026-08-24 18:17:32.702107,2026-08-24 18:22:02.797996,0 days 00:04:30.095889,relu,8,0.8573577099986659,0.9938303026560328,0.02695251965131025,0.00588282875030336,2,128,1.5581484637415808,0.23910517923466695,0.6743781024931819,0.003277314816875554,0.00014119337884660577,"[0.04894443601369858, 0.02520054392516613, 0.016764972358942032, 0.007694540545344353, 0.012950633652508259]",COMPLETE
103,0.020884752739220858,2026-08-24 18:22:02.801882,2026-08-24 18:28:43.250530,0 days 00:06:40.448648,relu,8,0.8572725317562312,0.9935275346579711,0.045653643410069236,0.007859373606933277,2,128,1.6097357144501294,0.2351805468448808,0.6461002925611551,0.0030600639093083006,0.00014544286380630304,"[0.042674772441387177, 0.022415906190872192, 0.018384788185358047, 0.0065794349648058414, 0.01436886191368103]",COMPLETE
104,0.02300547733902931,2026-08-24 18:28:43.254608,2026-08-24 18:35:01.731441,0 days 00:06:18.476833,relu,8,0.8574540614218227,0.9938378211611302,0.04772537386971307,0.008158131457239426,2,128,1.6013177389902005,0.22585697599742935,0.6927552757119374,0.0032885393520030817,0.0001413947945866366,"[0.05001183971762657, 0.025042330846190453, 0.018090466037392616, 0.008610930293798447, 0.013271819800138474]",COMPLETE
105,0.04987147748470307,2026-08-24 18:35:01.735164,2026-08-24 18:39:33.930658,0 days 00:04:32.195494,relu,8,0.8649612335523277,0.9945370068479299,0.027590604832562052,0.005856796115954436,2,8,2.205229706711558,0.24006763918848378,0.6166634511537992,0.003935299289646784,0.0001137704833479568,"[0.11470624059438705, 0.07674054056406021, 0.02030649594962597, 0.022580092772841454, 0.015024017542600632]",COMPLETE
106,0.02242106944322586,2026-08-24 18:39:33.934559,2026-08-24 18:44:52.446881,0 days 00:05:18.512322,relu,8,0.8548803768971122,0.9935220189024919,0.08191274200435167,0.00646114754743737,2,128,1.823148439892732,0.14803486687774497,0.396909700670204,0.004806852730734834,9.081912691072577e-05,"[0.03984786942601204, 0.028900450095534325, 0.019501732662320137, 0.011248909868299961, 0.012606385163962841]",COMPLETE
107,0.022339002694934607,2026-08-24 18:44:52.450601,2026-08-24 18:50:44.556130,0 days 00:05:52.105529,relu,8,0.8596887907786801,0.9939120738370654,0.08219063927226528,0.007372009261779259,2,128,1.8545333308508358,0.15001504630309073,0.42631070506677804,0.005386989742591378,7.72755234110778e-05,"[0.04633026570081711, 0.0274726003408432, 0.018057482317090034, 0.007369454484432936, 0.012465210631489754]",COMPLETE
108,0.06451396495103837,2026-08-24 18:50:44.560386,2026-08-24 18:54:35.503834,0 days 00:03:50.943448,relu,8,0.8596284086160971,0.993925085323739,0.07939655487331515,0.008571343241725086,2,16,1.794830948493494,19.12068664767174,0.40403552270951526,0.005344714896969697,7.983517147465453e-05,"[0.13970524072647095, 0.11949396133422852, 0.022609157487750053, 0.01850847899913788, 0.022252986207604408]",COMPLETE
109,0.02311536930501461,2026-08-24 18:54:35.507510,2026-08-24 19:00:06.060260,0 days 00:05:30.552750,relu,8,0.8638154969427586,0.9926357266814048,0.10080866855814814,0.007222925469387332,2,64,2.18266596032009,0.14600099781691228,0.4784070771947414,0.006416588389131138,0.00015376700056659757,"[0.04922034591436386, 0.024639062583446503, 0.0183348897844553, 0.009852603077888489, 0.0135299451649189]",COMPLETE
110,0.024695664085447787,2026-08-24 19:00:06.063705,2026-08-24 19:05:02.525825,0 days 00:04:56.462120,relu,8,0.8553144652575471,0.9941345695802857,0.12116630327040313,0.0094508387406159,2,128,0.6655729158166358,0.163132029851971,0.951158504334473,0.0046147816388070265,6.878253019007871e-05,"[0.06001611426472664, 0.026546454057097435, 0.016896557062864304, 0.00688875000923872, 0.013130445033311844]",COMPLETE
111,0.020734576135873796,2026-08-24 19:05:02.529547,2026-08-24 19:10:46.810299,0 days 00:05:44.280752,relu,8,0.8576317134412342,0.993546629861793,0.06302126148834267,0.005762455060043403,2,128,1.511625564586024,0.11229308241555896,0.33861287412991636,0.003101123145621355,8.991913970096253e-05,"[0.04091646149754524, 0.021588338539004326, 0.015950271859765053, 0.007935227826237679, 0.017282580956816673]",COMPLETE
112,0.023389202263206243,2026-08-24 19:10:46.814197,2026-08-24 19:15:39.636332,0 days 00:04:52.822135,relu,8,0.857852210632325,0.9930862598972884,0.06584138654080346,0.005659956914422731,2,128,1.164924067234226,0.11023948184050661,0.7035942955412685,0.0030448305232342585,9.059275769907964e-05,"[0.04916147515177727, 0.021381476894021034, 0.025047769770026207, 0.006436011288315058, 0.014919278211891651]",COMPLETE
113,0.02122038686648011,2026-08-24 19:15:39.640377,2026-08-24 19:21:23.825247,0 days 00:05:44.184870,relu,8,0.8607799329413691,0.9938024136688827,0.05657289199208409,0.006529353319443191,2,128,1.4128355864133004,0.13925921160966903,0.5792649899873182,0.004055644730427984,0.00010910837386846798,"[0.040624115616083145, 0.02496754750609398, 0.01874447613954544, 0.007406278047710657, 0.014359517022967339]",COMPLETE
114,0.02323233000934124,2026-08-24 19:21:23.829786,2026-08-24 19:26:43.646652,0 days 00:05:19.816866,relu,8,0.8608754458732971,0.993554698021341,0.08232892995653227,0.006922575377760486,2,128,0.8727811718026234,0.13716393101906343,0.5996872024999532,0.007680138907933135,5.74706945383433e-05,"[0.051100872457027435, 0.02725795842707157, 0.014913000166416168, 0.008092772215604782, 0.014797046780586243]",COMPLETE
115,0.02283428832888603,2026-08-24 19:26:43.652023,2026-08-24 19:32:21.305543,0 days 00:05:37.653520,relu,8,0.8673367116349404,0.9947381672184679,0.058050564282995265,0.007663498799659825,2,128,3.242422058337197,0.11875451702632182,0.42927123648442633,0.004204439074059788,0.00010975813108165126,"[0.04897431656718254, 0.023942606523633003, 0.017083771526813507, 0.008172966539859772, 0.015997780486941338]",COMPLETE
116,0.022500469349324703,2026-08-24 19:32:21.308887,2026-08-24 19:37:11.742081,0 days 00:04:50.433194,relu,8,0.8542006132675981,0.9938191947658507,0.04600609397377351,0.006710371014499282,2,128,1.3896731944250955,0.18121919236901354,0.8585369095855806,0.006017288369342726,8.499729693837858e-05,"[0.045371849089860916, 0.025266608223319054, 0.02083035744726658, 0.007188637740910053, 0.013844894245266914]",COMPLETE
117,0.1301531359553337,2026-08-24 19:37:11.746334,2026-08-24 19:38:28.736889,0 days 00:01:16.990555,sigmoid,32,0.8690611296610617,0.9939822794473469,0.0753735217645076,0.00581504271403602,2,128,1.9431789961905794,0.20174769528915082,0.5325940101257908,0.003772584399318802,0.00010045829146816166,"[0.4478706419467926, 0.12055385857820511, 0.024355124682188034, 0.030437316745519638, 0.027548737823963165]",COMPLETE
118,0.023865804076194763,2026-08-24 19:38:28.741272,2026-08-24 19:44:34.587632,0 days 00:06:05.846360,relu,8,0.863171105259074,0.9941365909265399,0.1024529052572286,0.008222750184589369,2,128,2.353034091009711,0.10016100221950885,0.27800098453872546,0.005159911379684987,6.405225553161983e-05,"[0.04914524778723717, 0.03081950731575489, 0.017664490267634392, 0.008843883872032166, 0.0128558911383152]",COMPLETE
119,0.024638320319354534,2026-08-24 19:44:34.591188,2026-08-24 19:50:44.772587,0 days 00:06:10.181399,relu,8,0.8534253309633651,0.9944239202196292,0.11529325370473095,0.005380875793152074,2,128,1.7013341879583408,0.18300827549805487,0.779008961049105,0.009070475776586352,5.4263745498419695e-05,"[0.047804731875658035, 0.03414277732372284, 0.020265107974410057, 0.008693337440490723, 0.012285646982491016]",COMPLETE
120,0.022695394791662694,2026-08-24 19:50:44.776368,2026-08-24 19:57:43.939480,0 days 00:06:59.163112,relu,8,0.9433524603989203,0.9937658298462256,0.06286168339598382,0.009086643627642705,2,128,2.5833039278144465,0.13722471752760193,0.6386239242351794,0.0022212411151912048,0.00018304388752212467,"[0.04666849225759506, 0.022764334455132484, 0.01775757595896721, 0.0105581758543849, 0.01572839543223381]",COMPLETE
121,0.020681843906641007,2026-08-24 19:57:43.943089,2026-08-24 20:03:10.734818,0 days 00:05:26.791729,relu,8,0.8570404852470036,0.9928665462424736,0.03798911806218801,0.00395097106706473,2,128,1.1474848156246698,0.17113724646488826,0.39988353576305524,0.0032472715873566277,0.00013791065666865488,"[0.040540482848882675, 0.023241477087140083, 0.01710384711623192, 0.007107744924724102, 0.015415667556226254]",COMPLETE
122,0.022275772877037525,2026-08-24 20:03:10.738137,2026-08-24 20:07:47.739828,0 days 00:04:37.001691,relu,8,0.8590042167597259,0.9930985039294504,0.041564665664406204,0.009973636615009582,2,128,1.3984031719420542,0.25569745999719873,0.5106813436997757,0.0034652728788759687,0.00014613727508122084,"[0.04269380122423172, 0.0270873811095953, 0.0173766128718853, 0.010003555566072464, 0.014217513613402843]",COMPLETE
123,0.02153887366876006,2026-08-24 20:07:47.742834,2026-08-24 20:13:20.978925,0 days 00:05:33.236091,relu,8,0.8591291029071831,0.9931067115979416,0.04185967964265879,0.00997201882224677,2,128,1.3118487082080261,0.2488547400122125,0.49569546129988357,0.00324229355399135,0.00014873596096929157,"[0.04264995828270912, 0.02457101084291935, 0.018765201792120934, 0.0063308426178991795, 0.015377354808151722]",COMPLETE
124,0.01968392003327608,2026-08-24 20:13:20.983653,2026-08-24 20:20:17.236204,0 days 00:06:56.252551,relu,8,0.8625094535007758,0.9924491172837725,0.05034076867027965,0.009807333994870045,2,128,1.2033588783816085,0.2527631977927173,0.4909617692991574,0.003288056442861653,0.00014365460975802226,"[0.040933191776275635, 0.02172120288014412, 0.0181655865162611, 0.005520109087228775, 0.012079509906470776]",COMPLETE
125,0.020444684755057098,2026-08-24 20:20:17.240242,2026-08-24 20:28:33.805162,0 days 00:08:16.564920,relu,8,0.8648738011468505,0.9925816798521158,0.04086316390558565,0.009066492745341173,2,128,1.2497987260133838,0.2557651465631024,0.5274157746802932,0.0029499199940847967,0.00016576906938355206,"[0.04259795323014259, 0.023546786978840828, 0.018542446196079254, 0.0059900847263634205, 0.011546152643859386]",COMPLETE
126,0.6337544977664947,2026-08-24 20:28:33.809571,2026-08-24 20:31:07.574774,0 days 00:02:33.765203,tanh,8,0.8653623953870997,0.9924292182499542,0.05255818892606466,0.009969604726884778,2,128,0.861608124928634,0.267619236512237,0.4796448902587354,0.003082143183507785,0.00011811883857355208,"[0.33821576833724976, 1.0607402324676514, 0.7628945112228394, 0.39545074105262756, 0.6114712357521057]",COMPLETE
127,0.021980615332722664,2026-08-24 20:31:07.580109,2026-08-24 20:35:57.758968,0 days 00:04:50.178859,relu,8,0.8617830865764863,0.9926734902278431,0.041342860918562124,0.009941435249147328,2,128,0.3139616011705096,0.33816095008543995,0.3103861523926353,0.002370948821044689,0.00016590913438627086,"[0.043223775923252106, 0.02329346537590027, 0.017114635556936264, 0.009586792439222336, 0.016684407368302345]",COMPLETE
128,0.021185295656323433,2026-08-24 20:35:57.762550,2026-08-24 20:40:45.095373,0 days 00:04:47.332823,relu,8,0.861003877981612,0.9920790237064588,0.03523772237326067,0.008557504509685447,2,128,0.24421070400347694,0.3520606545426592,0.31021852084313856,0.0024089178570384363,0.00017705915683264323,"[0.04012454301118851, 0.02594590000808239, 0.016059787943959236, 0.009070097468793392, 0.01472614984959364]",COMPLETE
129,0.02400328740477562,2026-08-24 20:40:45.098849,2026-08-24 20:46:27.478777,0 days 00:05:42.379928,relu,8,0.8616412518704156,0.9920797288761924,0.03627289669737774,0.007916232595520477,2,128,0.27384638410633394,0.340280933549713,0.19581656872470538,0.0025625857334574554,0.0001625807469083629,"[0.05014381930232048, 0.02810399793088436, 0.015721309930086136, 0.008848918601870537, 0.017198391258716583]",COMPLETE
130,0.023067261464893817,2026-08-24 20:46:27.483158,2026-08-24 20:52:36.235080,0 days 00:06:08.751922,relu,8,0.8643905096908614,0.9924853891916057,0.06678007027687728,0.008907764019773876,2,128,0.22574646921852762,0.2146251639077658,0.2927265564518196,0.0022105531983577253,0.0002572864868496152,"[0.04820447787642479, 0.02353837713599205, 0.02381262183189392, 0.00769246369600296, 0.012088366784155369]",COMPLETE
131,0.01989009790122509,2026-08-24 20:52:36.237916,2026-08-24 20:58:18.925698,0 days 00:05:42.687782,relu,8,0.8626931762876078,0.9927145622221722,0.05275453926132297,0.007436295815377612,2,128,0.36381605667204525,0.2755693697379783,0.3063283473007722,0.004005178572806781,0.00010770805715066478,"[0.039651405066251755, 0.02426689863204956, 0.016916686668992043, 0.0066580381244421005, 0.011957461014389992]",COMPLETE
132,0.023343575187027454,2026-08-24 20:58:18.929568,2026-08-24 21:04:13.108960,0 days 00:05:54.179392,relu,8,0.8664106078608055,0.9922563242723208,0.05599479728834573,0.007511969373347428,2,128,0.30833762603433845,0.3304207989626377,0.30341163325528253,0.003971281687859668,0.00018252106143230477,"[0.04953236132860184, 0.026355227455496788, 0.017353743314743042, 0.007912478409707546, 0.015564065426588058]",COMPLETE
133,0.021769855171442032,2026-08-24 21:04:13.113300,2026-08-24 21:10:22.038234,0 days 00:06:08.924934,relu,8,0.8616831705514963,0.9927207876566829,0.04270958759754326,0.006398576331721834,2,128,0.38931130309500994,0.47775054738272704,0.2019228566975582,0.003019130949942554,0.00010538336025042266,"[0.045327328145504, 0.024539764970541, 0.014934027567505836, 0.01016457099467516, 0.013883584178984165]",COMPLETE
134,0.020094747841358184,2026-08-24 21:10:22.042817,2026-08-24 21:16:32.507766,0 days 00:06:10.464949,relu,8,0.8625154152210447,0.991773781453555,0.05193023019480133,0.006989371000711354,2,128,0.5078184683730748,0.4443397287850279,0.16509698012085552,0.002781847204181465,0.00010531717912186286,"[0.041391219943761826, 0.02317872643470764, 0.015531225129961967, 0.006862797774374485, 0.013509769923985004]",COMPLETE
135,0.02836257964372635,2026-08-24 21:16:32.512173,2026-08-24 21:18:48.338861,0 days 00:02:15.826688,relu,32,0.8700841101387402,0.9917322554626226,0.05171487687517198,0.006742037930892189,2,128,0.46119223712618207,0.5970855495674917,0.16456107935806824,0.002791591931665376,0.00010090184672101679,"[0.04829813167452812, 0.04722731560468674, 0.02229837141931057, 0.008246570825576782, 0.015742508694529533]",COMPLETE
136,0.020962809957563878,2026-08-24 21:18:48.342110,2026-08-24 21:24:18.613241,0 days 00:05:30.271131,relu,8,0.8635976686247421,0.9927829395569148,0.06503514325468612,0.008408824746355095,2,128,0.35125701283659316,0.47838342524596317,0.19599188067773582,0.004137798147106997,0.00012274118837409678,"[0.038856882601976395, 0.024849528446793556, 0.01597685180604458, 0.009952264837920666, 0.01517852209508419]",COMPLETE
137,0.01948782932013273,2026-08-24 21:24:18.617178,2026-08-24 21:26:56.805003,0 days 00:02:38.187825,relu,8,0.8682931710401588,0.9920556189083458,0.0693957768675403,0.008437799715965305,1,128,0.5794607317589723,0.5519952213637576,0.09307728282703381,0.0038500341819805903,0.00012084869970955065,"[0.03369778394699097, 0.024822335690259933, 0.01579144038259983, 0.008294417522847652, 0.014833169057965279]",COMPLETE
138,0.04790408853441477,2026-08-24 21:26:56.808290,2026-08-24 21:30:31.258144,0 days 00:03:34.449854,relu,8,0.8703960947605627,0.9920794594509017,0.07398305300096178,0.008539230656839666,1,8,0.5820878361398933,0.53739129255901,0.1064363061274651,0.004109265465336797,0.00012483544692628212,"[0.13737265765666962, 0.04791259765625, 0.022879326716065407, 0.008362705819308758, 0.02299315482378006]",COMPLETE
139,0.021378979459404944,2026-08-24 21:30:31.262884,2026-08-24 21:33:33.652033,0 days 00:03:02.389149,relu,8,0.8729367921930264,0.9919764604472989,0.06915062095219855,0.005573283354946209,1,128,0.7088816092653113,0.6620981456317866,0.04900685225724409,0.0058951843961115875,0.0001194753643347718,"[0.0394522063434124, 0.02340821363031864, 0.019166506826877594, 0.00833902694284916, 0.016528943553566933]",COMPLETE
140,0.020767214149236678,2026-08-24 21:33:33.657064,2026-08-24 21:37:30.300611,0 days 00:03:56.643547,relu,8,0.8680225617420303,0.9920422124774609,0.09827242879149092,0.007551653248303624,1,128,0.7163180076929222,0.42461926599816147,0.03750458261245756,0.006873448297200333,0.00011373806064406891,"[0.03921876475214958, 0.024456923827528954, 0.016886215656995773, 0.00927847158163786, 0.013995694927871227]",COMPLETE
141,0.022971692308783532,2026-08-24 21:37:30.304202,2026-08-24 21:40:52.911496,0 days 00:03:22.607294,relu,8,0.8726509950928063,0.9920298179137573,0.09247321745447004,0.0075684432318248755,1,128,0.6853222861602319,0.6598083633918558,0.04991819220611093,0.010933584340481054,0.00011200166767493518,"[0.04249811917543411, 0.02876804955303669, 0.01820412650704384, 0.009840669110417366, 0.015547497197985649]",COMPLETE
142,0.021156922727823258,2026-08-24 21:40:52.915806,2026-08-24 21:44:28.017000,0 days 00:03:35.101194,relu,8,0.8688030385293827,0.9915720264920102,0.06571843073280884,0.0043220236543866685,1,128,0.4932408714214398,0.5429351121288347,0.04093724709065876,0.006950857481810114,7.288036995092368e-05,"[0.04116126894950867, 0.023247849196195602, 0.016418633982539177, 0.010125402361154556, 0.014831459149718285]",COMPLETE
143,0.022466978803277016,2026-08-24 21:44:28.021180,2026-08-24 21:46:34.896585,0 days 00:02:06.875405,relu,8,0.8674019033673653,0.9923709457012356,0.06163767459415111,0.008200965440940372,1,128,0.4819358170416148,0.5558958967971315,0.03753245989430451,0.007158986143156209,7.127990083710971e-05,"[0.041093166917562485, 0.026809386909008026, 0.01872308738529682, 0.009891346096992493, 0.015817906707525253]",COMPLETE
144,0.04816081505268812,2026-08-24 21:46:34.900560,2026-08-24 21:50:04.729634,0 days 00:03:29.829074,relu,8,0.8687275998021474,0.9916224815229102,0.1324736552477088,0.004298428742667376,1,16,0.40620545303250666,0.42420396938971566,0.023398408584532533,0.013759553038598951,8.671436293132763e-05,"[0.08879873901605606, 0.08384077250957489, 0.03362968564033508, 0.011377585120499134, 0.02315729297697544]",COMPLETE
145,0.021865415386855602,2026-08-24 21:50:04.733002,2026-08-24 21:52:38.125608,0 days 00:02:33.392606,relu,8,0.8643746824468945,0.9914226844755529,0.08907999433660901,0.006972628447425969,1,128,0.5559590034276665,0.472418965270956,0.031926037856441575,0.008951010511503167,9.607842640126884e-05,"[0.037774376571178436, 0.02784845046699047, 0.01722235232591629, 0.011402680538594723, 0.015079217031598091]",COMPLETE
146,0.06793058179318905,2026-08-24 21:52:38.129713,2026-08-24 21:57:13.436250,0 days 00:04:35.306537,sigmoid,8,0.86811861963718,0.9922130654446026,0.05531956886622471,0.005215790129954319,1,128,0.3545516970226517,0.37236664854444157,0.07856848623830098,0.004356545541396086,6.135711873363305e-05,"[0.17354510724544525, 0.1050412505865097, 0.022708067670464516, 0.022543780505657196, 0.015814702957868576]",COMPLETE
147,0.025291338562965393,2026-08-24 21:57:13.439464,2026-08-24 22:01:38.185386,0 days 00:04:24.745922,relu,8,0.8653998180891447,0.9918137978200314,0.07175245402520074,0.008492300159556916,2,64,0.2454169083682727,0.5089634335687165,0.14520693733253964,0.006255291970496075,0.0001973673674646787,"[0.050928760319948196, 0.02569926716387272, 0.023917853832244873, 0.012803834863007069, 0.013106976635754108]",COMPLETE
148,0.027344479411840438,2026-08-24 22:01:38.189514,2026-08-24 22:05:17.172677,0 days 00:03:38.983163,relu,8,0.863134111110003,0.9924646058331833,0.47241893165842863,0.006189368639938963,1,128,0.18527958982535558,0.4470252509132502,0.0283231575171621,0.0037099047484957745,5.0257628687508496e-05,"[0.05551540106534958, 0.03180781751871109, 0.024389129132032394, 0.012334664352238178, 0.012675384990870953]",COMPLETE
149,0.5072585076093674,2026-08-24 22:05:17.176335,2026-08-24 22:07:37.741045,0 days 00:02:20.564710,tanh,8,0.8745662353083172,0.9925790093544868,0.08607944917687911,0.004481426804773177,2,128,0.6230615607123628,0.39623839580058834,0.05817587793778933,0.004668628983249674,7.632421529867091e-05,"[0.13820616900920868, 0.8217447996139526, 0.9292189478874207, 0.32943668961524963, 0.31768593192100525]",COMPLETE
150,0.024831848777830602,2026-08-24 22:07:37.744924,2026-08-24 22:13:50.367249,0 days 00:06:12.622325,relu,8,0.8661218088000732,0.992854952728188,0.10739386758450646,0.007520683444262046,2,128,0.3217761292176304,0.6022224957452114,0.08919960972210497,0.0036552981368588554,0.0001285364473150526,"[0.05173614248633385, 0.02737782523036003, 0.018504275009036064, 0.010716169141232967, 0.015824832022190094]",COMPLETE
151,0.02281440533697605,2026-08-24 22:13:50.372556,2026-08-24 22:16:48.407880,0 days 00:02:58.035324,relu,8,0.873969262810965,0.9915089885554219,0.06454767227024401,0.005387634781854661,1,128,0.7774347679930892,0.6456445469084935,0.04537898776697634,0.005756443256656049,0.00011887468225264572,"[0.04484930634498596, 0.029788987711071968, 0.017129065468907356, 0.008012847043573856, 0.014291820116341114]",COMPLETE
152,0.022408141940832137,2026-08-24 22:16:48.412970,2026-08-24 22:20:29.436126,0 days 00:03:41.023156,relu,8,0.8717519211121224,0.9918747149156958,0.07320606452404783,0.0055140117632835476,1,128,0.45326157351541,0.7353533930423725,0.06299644353594804,0.008519942117912961,0.00011038268183288475,"[0.042117971926927567, 0.025578027591109276, 0.021092068403959274, 0.009866718202829361, 0.013385923579335213]",COMPLETE
153,0.025918617378920317,2026-08-24 22:20:29.439662,2026-08-24 22:25:34.137260,0 days 00:05:04.697598,relu,8,0.8789152618382368,0.9922026032784714,0.050614040438305974,0.006696474403156596,1,128,0.5117890189686557,13.81269742069315,0.03824361695645642,0.005838624565839504,0.00016486803361604529,"[0.04629821330308914, 0.028143297880887985, 0.019022030755877495, 0.007792872842401266, 0.028336672112345695]",COMPLETE
154,0.022978413850069046,2026-08-24 22:25:34.141302,2026-08-24 22:28:37.916181,0 days 00:03:03.774879,relu,8,0.862695492897457,0.9912461513547718,0.2167883125971966,0.006030862096961994,1,128,0.7187788154274378,0.5415254490349155,0.02592451346098457,0.004697517373883236,8.481827904027556e-05,"[0.047249965369701385, 0.02454301342368126, 0.017572570592164993, 0.0123746357858181, 0.013151884078979492]",COMPLETE
155,0.025563363544642927,2026-08-24 22:28:37.919696,2026-08-24 22:34:03.562250,0 days 00:05:25.642554,relu,8,0.8700666738274727,0.9919830803589264,0.09824954363475084,0.008659535533711973,2,128,0.3729544010124229,0.7088022041353583,0.0337206009592884,0.007460835035078455,0.00010166458241253691,"[0.059140246361494064, 0.024462377652525902, 0.01873813383281231, 0.011159217916429043, 0.014316841959953308]",COMPLETE
156,0.021663006115704774,2026-08-24 22:34:03.566118,2026-08-24 22:37:38.934638,0 days 00:03:35.368520,relu,8,0.9328870001541357,0.9916918017193356,0.06257043504534461,0.005013720123675185,1,128,1.0040066722580145,0.4258942245177377,0.05010360966418185,0.0031156103648487354,0.0001316586744833817,"[0.04638272896409035, 0.024961695075035095, 0.017920037731528282, 0.006758319679647684, 0.012292249128222466]",COMPLETE
157,0.022717194631695747,2026-08-24 22:37:38.938275,2026-08-24 22:43:38.403537,0 days 00:05:59.465262,relu,8,0.8662245773911074,0.992377881502672,0.03514556808134161,0.004318528361072456,2,128,0.5747380404572708,0.5020581879863982,0.11154939384983593,0.0051695234353419175,0.00020140539137180106,"[0.042869895696640015, 0.02596142143011093, 0.016388701274991035, 0.01433142926543951, 0.014034525491297245]",COMPLETE
158,0.034998174756765366,2026-08-24 22:43:38.407888,2026-08-24 22:45:27.123358,0 days 00:01:48.715470,relu,32,0.8607984847169174,0.9927488527771374,0.0745227321268365,0.007336959049869509,2,128,0.42731811890205795,0.2935875989701502,0.019742609504146306,0.006398359095437701,7.171782354145413e-05,"[0.09690074622631073, 0.02659263275563717, 0.021644821390509605, 0.010808723047375679, 0.019043950363993645]",COMPLETE
159,0.02331673577427864,2026-08-24 22:45:27.127637,2026-08-24 22:52:13.600166,0 days 00:06:46.472529,relu,8,0.8761393266086039,0.9929404128259391,0.049777760818657986,0.0035013696525473376,2,128,1.1399227364150815,0.3710908125222192,0.08635666750854906,0.004026938185647287,0.00011665857460425569,"[0.048385076224803925, 0.027934134006500244, 0.018831675872206688, 0.008769454434514046, 0.012663338333368301]",COMPLETE
160,0.021760558150708674,2026-08-24 22:52:13.603309,2026-08-24 22:54:57.040443,0 days 00:02:43.437134,relu,8,0.8636019191354044,0.9921754557860629,0.05586373995174043,0.006360407690280249,1,128,0.6332766884625532,0.21307671675004097,0.15940456915415768,0.01667713205674469,0.0001483791085248714,"[0.03887977451086044, 0.027936110273003578, 0.02043047919869423, 0.007845775224268436, 0.01371065154671669]",COMPLETE
161,0.02281746845692396,2026-08-24 22:54:57.044160,2026-08-24 22:57:28.083114,0 days 00:02:31.038954,relu,8,0.8576304589985806,0.9919094246100556,0.03170344562763037,0.0057979497446033566,1,128,0.897556633623055,0.1886250559726228,0.5748041031203477,0.0026312529556361025,0.00013215669554180425,"[0.041154127568006516, 0.02857763133943081, 0.021074550226330757, 0.009458757936954498, 0.013822275213897228]",COMPLETE
162,0.0202199200168252,2026-08-24 22:57:28.085913,2026-08-24 23:04:49.367653,0 days 00:07:21.281740,relu,8,0.8559843825851894,0.9925846450187041,0.028359426778816546,0.008511008260238633,2,128,0.7861765619173853,0.46559905370961807,0.07214483333572679,0.002857743969153321,9.039261096744447e-05,"[0.043353792279958725, 0.01970686763525009, 0.015370755456387997, 0.007869703695178032, 0.01479848101735115]",COMPLETE
163,0.021875593159347773,2026-08-24 23:04:49.371144,2026-08-24 23:12:01.018735,0 days 00:07:11.647591,relu,8,0.8565922780850983,0.9925290702830813,0.0484644790041872,0.008358132781521038,2,128,0.715327532256735,0.4483322942563254,0.06918110840429698,0.003657950449875435,8.698445523218041e-05,"[0.045004408806562424, 0.023432791233062744, 0.019519872963428497, 0.006982454564422369, 0.014438438229262829]",COMPLETE
164,0.02249924894422293,2026-08-24 23:12:01.022656,2026-08-24 23:18:33.102682,0 days 00:06:32.080026,relu,8,0.8557995550585774,0.9923266007353008,0.06834923355234364,0.009025616287227612,2,128,0.7969039892083439,0.5679295119439339,0.06014651977695948,0.0019846799183286263,9.55528119829571e-05,"[0.04640116170048714, 0.027349554002285004, 0.018233805894851685, 0.006948263384401798, 0.013563459739089012]",COMPLETE
165,0.020515603106468917,2026-08-24 23:18:33.106795,2026-08-24 23:25:01.302101,0 days 00:06:28.195306,relu,8,0.8686691545460433,0.9926375043848275,0.039287654006463064,0.0071307440547621415,2,128,0.2770335585487353,0.47154282692476085,0.04360639633403201,0.0027170788409201165,0.00017385292772361308,"[0.03890632465481758, 0.028068354353308678, 0.01627589575946331, 0.0061065624468028545, 0.013220878317952156]",COMPLETE
166,0.022140167839825153,2026-08-24 23:25:01.305934,2026-08-24 23:30:26.940644,0 days 00:05:25.634710,relu,8,0.8673151828894634,0.9926383487967757,0.033908287253389,0.007309643029575314,2,128,0.2811950394320997,0.41627607034686526,0.040261932815107315,0.0024633087362051645,0.00016956015652664006,"[0.04080921411514282, 0.028184941038489342, 0.015768593177199364, 0.010398691520094872, 0.015539399348199368]",COMPLETE
167,0.020625783316791057,2026-08-24 23:30:26.944200,2026-08-24 23:36:13.022420,0 days 00:05:46.078220,relu,8,0.8611179626682354,0.9929674295628959,0.02391231479311752,0.0077553820631654485,2,128,0.4954542490447756,0.361029919577607,0.255838724581043,0.0029780764200372173,0.00024520350737462673,"[0.043329428881406784, 0.02006480284035206, 0.0168729480355978, 0.00893582683056593, 0.013925909996032715]",COMPLETE
168,0.06164346486330032,2026-08-24 23:36:13.027144,2026-08-24 23:40:28.094354,0 days 00:04:15.067210,relu,8,0.8649776544108826,0.9929520960762832,0.02846451901369465,0.008452257913060666,2,8,0.2077043571829782,0.37641626496612896,0.1830747381520519,0.0029127286215724912,0.00025615572701460855,"[0.13192716240882874, 0.12349209189414978, 0.019590269774198532, 0.015185913071036339, 0.01802188716828823]",COMPLETE
169,0.036709392443299294,2026-08-24 23:40:28.099174,2026-08-24 23:47:39.027505,0 days 00:07:10.928331,relu,8,0.8627547359951422,0.9925194022518327,0.38119861868742855,0.009844674886516183,2,128,0.3480297735859814,0.3298603677955043,0.26240357003024006,0.001968155272157919,0.00021242387831117183,"[0.08019384741783142, 0.05535586550831795, 0.018859492614865303, 0.014648170210421085, 0.014489586465060711]",COMPLETE
170,0.021957888174802064,2026-08-24 23:47:39.032390,2026-08-24 23:52:25.369704,0 days 00:04:46.337314,relu,8,0.8590261502302141,0.9927827609696516,0.04106980584889408,0.007514472093252213,2,128,0.4867508418220221,0.2811882547912152,0.21428212274038608,0.003282952440202539,0.00018598923162496927,"[0.04227003455162048, 0.027688847854733467, 0.019049473106861115, 0.0074304197914898396, 0.01335066556930542]",COMPLETE
171,0.024502693396061658,2026-08-24 23:52:25.373981,2026-08-25 00:00:45.141973,0 days 00:08:19.767992,relu,8,0.8607362294515795,0.9932297663224091,0.15496667634615852,0.006815670222407801,2,128,0.38579607660958315,0.4753474306482135,0.26178598825880767,0.0023537019974639987,0.0001486327029379008,"[0.05354499816894531, 0.025526877492666245, 0.022358190268278122, 0.006555743981152773, 0.014527657069265842]",COMPLETE
172,0.021191880851984025,2026-08-25 00:00:45.146097,2026-08-25 00:06:03.821784,0 days 00:05:18.675687,relu,8,0.8685337248104629,0.9965949882783575,0.02638879619983449,0.00885788733163323,2,128,0.26299732655994346,0.31554032878674776,0.39749261399968844,0.002857067537172609,0.0001055102246735761,"[0.04016489163041115, 0.024374373257160187, 0.01863456703722477, 0.009122725576162338, 0.013662846758961678]",COMPLETE
173,0.028031610045582057,2026-08-25 00:06:03.827093,2026-08-25 00:11:03.550585,0 days 00:04:59.723492,relu,8,0.8703312372207556,0.9967384157988807,0.022766602191124745,0.008877457031220533,2,128,0.26698320224712163,0.3150827552714661,0.3531892337701977,0.0027349595728012903,7.685390768355125e-05,"[0.07387961447238922, 0.027236148715019226, 0.01680668070912361, 0.006319063249975443, 0.01591654308140278]",COMPLETE
174,0.021343452855944633,2026-08-25 00:11:03.555032,2026-08-25 00:15:33.953070,0 days 00:04:30.398038,relu,8,0.8670969402418853,0.9960379586099746,0.023609731443809494,0.007815595482134056,2,128,0.3249934159655688,0.3657729181120488,0.3877420201941951,0.0033343923017292456,0.00016517641343806997,"[0.040749043226242065, 0.023732414469122887, 0.01833569072186947, 0.009805590845644474, 0.014094525016844273]",COMPLETE
175,0.04392726719379425,2026-08-25 00:15:33.955984,2026-08-25 00:20:03.385707,0 days 00:04:29.429723,relu,8,0.8551578062210277,0.9927696402855107,0.04077134785404156,0.008876192777103236,2,16,0.5133867234297639,0.27062485566274164,0.3238290966885566,0.0022481637464622376,0.00023186928768195215,"[0.09780216217041016, 0.06753021478652954, 0.018917812034487724, 0.018466223031282425, 0.016919923946261406]",COMPLETE
176,0.020204956457018853,2026-08-25 00:20:03.389535,2026-08-25 00:25:29.614409,0 days 00:05:26.224874,relu,8,0.8696274266797572,0.992266029745055,0.008745375374413755,0.00694962635262549,2,128,0.253226821469813,0.41319796594860386,0.030819394431140675,0.0016520710918709932,9.901591512315573e-05,"[0.035828106105327606, 0.02349146641790867, 0.017655758187174797, 0.010854896157979965, 0.013194555416703224]",COMPLETE
177,0.020333088375627993,2026-08-25 00:25:29.618381,2026-08-25 00:30:28.502086,0 days 00:04:58.883705,relu,8,0.8528259780390878,0.9923264905494206,0.013011488211560025,0.006871261507524256,2,128,0.23949980988672886,0.4021033046375798,0.035551762717047415,0.0016621329586548018,0.0001310394282415704,"[0.0389784537255764, 0.02580910362303257, 0.015285204164683819, 0.0059305839240550995, 0.015662096440792084]",COMPLETE
178,0.05894681923091412,2026-08-25 00:30:28.506357,2026-08-25 00:36:10.039787,0 days 00:05:41.533430,sigmoid,8,0.8538120699563432,0.9930209103937925,0.006787910044377919,0.0051708982075897745,2,128,0.42840102133765334,0.43219483006450754,0.03665777407372384,0.0016679617754214184,0.00012996170412637293,"[0.18236146867275238, 0.04278615489602089, 0.022567838430404663, 0.01961965672671795, 0.027398977428674698]",COMPLETE
179,0.02139337044209242,2026-08-25 00:36:10.043679,2026-08-25 00:41:33.384791,0 days 00:05:23.341112,relu,8,0.8579705573565481,0.9923354095721854,0.008041895671963548,0.006698289297728633,2,128,0.9713695785562458,0.49663839259799164,0.031928417151484006,0.0021113410206040364,6.554563563041485e-05,"[0.04403227940201759, 0.02362438663840294, 0.018069647252559662, 0.006699390709400177, 0.014541148208081722]",COMPLETE
180,0.02114231064915657,2026-08-25 00:41:33.388631,2026-08-25 00:45:44.803986,0 days 00:04:11.415355,relu,8,0.8530865452700052,0.9988820220854775,0.013733124036039022,0.0046768704136318,2,64,0.20656922007321818,0.40816106178220946,0.027951816882388212,0.0017919706305713145,8.915658583512727e-05,"[0.04034969210624695, 0.027946429327130318, 0.017062345519661903, 0.006604117341339588, 0.013748968951404095]",COMPLETE
181,0.023261095583438873,2026-08-25 00:45:44.807309,2026-08-25 00:50:41.809684,0 days 00:04:57.002375,relu,8,0.8523408241832512,0.9982108763441282,0.026343593526400866,0.004746683378813998,2,64,0.1547801791942029,0.40783227423778734,0.02758362728654656,0.0016384882419593072,9.235283542318194e-05,"[0.049430739134550095, 0.028719255700707436, 0.017561109736561775, 0.00851514097303152, 0.01207923237234354]",COMPLETE
182,0.02452349215745926,2026-08-25 00:50:41.813623,2026-08-25 00:57:02.286895,0 days 00:06:20.473272,relu,8,0.8556176852689568,0.9974323118250109,0.013931921980645644,0.006095630543147954,2,64,0.23646686973604225,0.49801409801440827,0.02816411912892132,0.0019926394893609034,8.344849530975636e-05,"[0.0465710312128067, 0.0304116141051054, 0.019593259319663048, 0.008764222264289856, 0.01727733388543129]",COMPLETE
183,0.022313531301915646,2026-08-25 00:57:02.292644,2026-08-25 01:01:07.613691,0 days 00:04:05.321047,relu,8,0.8532547289606066,0.992545696175393,0.009926590354948635,0.0073872742167965565,2,64,0.16994908360362446,0.5518132771946059,0.023294852694920595,0.003734699830822359,9.942363393408974e-05,"[0.04329182207584381, 0.02355724200606346, 0.016650067642331123, 0.014514381997287273, 0.013554142788052559]",COMPLETE
184,0.024521806836128236,2026-08-25 01:01:07.617057,2026-08-25 01:06:00.349056,0 days 00:04:52.731999,relu,8,0.8563451334864794,0.9922562936357869,0.04922946472004865,0.003934730888628655,2,64,0.19715228989008024,0.4352731303517006,0.013908389167772784,0.0014990947361058675,0.00011812073952137616,"[0.051797084510326385, 0.02674699015915394, 0.017582178115844727, 0.012552949599921703, 0.01392983179539442]",COMPLETE
185,0.021396286319941282,2026-08-25 01:06:00.352792,2026-08-25 01:10:10.395406,0 days 00:04:10.042614,relu,8,0.871151017573092,0.9926787417642094,0.03702418194386539,0.005768583502057111,2,64,1.1731100595233126,0.3847681617602871,0.053855015542410546,0.004670379714448741,0.00013803827016955125,"[0.04310176894068718, 0.024946482852101326, 0.01968535967171192, 0.0075765871442854404, 0.011671232990920544]",COMPLETE
186,0.021585354302078485,2026-08-25 01:10:10.399929,2026-08-25 01:16:40.817890,0 days 00:06:30.417961,relu,8,0.8525308811426421,0.9929401353033787,0.022577372657035903,0.004475131468963831,2,128,0.3133199384194759,0.4682914563468441,0.044620791744898324,0.003056934100398962,8.164944620549484e-05,"[0.04787987098097801, 0.02299172431230545, 0.01841018907725811, 0.006786858197301626, 0.011858128942549229]",COMPLETE
187,0.5964238792657852,2026-08-25 01:16:40.822930,2026-08-25 01:18:41.262656,0 days 00:02:00.439726,tanh,8,0.8643103731653804,0.9977781949319826,0.04231375336123256,0.006930990669549737,2,128,0.2175484281008928,0.22778685691623562,0.03413441985735257,0.0017931072271344698,0.00010841586782400154,"[1.0851421356201172, 0.5968455076217651, 0.8401539921760559, 0.27542901039123535, 0.1845487505197525]",COMPLETE
188,0.024847860634326934,2026-08-25 01:18:41.267027,2026-08-25 01:20:44.920247,0 days 00:02:03.653220,relu,32,0.8590101989765722,0.9985031738532605,0.008458315725488589,0.005252771213137585,2,128,0.5606178823104226,0.5292059560843205,0.041707761591713216,0.0026131031535056486,0.00015446696141995338,"[0.046526409685611725, 0.028319472447037697, 0.02178879827260971, 0.009792273864150047, 0.017812348902225494]",COMPLETE
189,0.021164700016379358,2026-08-25 01:20:44.923722,2026-08-25 01:25:41.142863,0 days 00:04:56.219141,relu,8,0.8687086369575694,0.9917620359791207,0.0015418430717460806,0.009813569550150199,2,128,0.3709218453629369,0.6279534055111923,0.018170645858709006,0.00345223482092971,6.77321462437296e-05,"[0.0442672036588192, 0.02264973148703575, 0.019719375297427177, 0.006624478846788406, 0.012562710791826248]",COMPLETE
190,0.022073494829237462,2026-08-25 01:25:41.146589,2026-08-25 01:30:55.982106,0 days 00:05:14.835517,relu,8,0.8625521389581685,0.992405308888191,0.05784934269406619,0.00756854416510079,2,128,0.28392008819180237,0.3471581163833782,0.07504810138625297,0.004254370771460217,9.5879494776182e-05,"[0.0453987717628479, 0.02409251406788826, 0.019603969529271126, 0.008060276508331299, 0.01321194227784872]",COMPLETE
191,0.021816568076610567,2026-08-25 01:30:55.985597,2026-08-25 01:36:34.261174,0 days 00:05:38.275577,relu,8,0.8685449540640374,0.9916823806518726,0.0031574425055122864,0.009836801984017662,2,128,0.39079547702192935,0.6029055705005841,0.02208081428743449,0.0033643202154067554,1.322524803355701e-06,"[0.04254638031125069, 0.024933239445090294, 0.02337208390235901, 0.007178235799074173, 0.011052900925278664]",COMPLETE
192,0.021728353574872017,2026-08-25 01:36:34.265065,2026-08-25 01:42:27.017732,0 days 00:05:52.752667,relu,8,0.8655751865947324,0.9917992424261636,0.011768709845916533,0.00795191869265193,2,128,0.47693679547110285,0.4779694085330168,0.029453454819131763,0.002817312560613192,6.958556664564996e-05,"[0.038944944739341736, 0.02568443864583969, 0.02009919285774231, 0.00710168294608593, 0.016811508685350418]",COMPLETE
193,0.0221026536077261,2026-08-25 01:42:27.021076,2026-08-25 01:47:17.813463,0 days 00:04:50.792387,relu,8,0.869631893292786,0.991112296983557,0.03326629937630852,0.006445647709059125,2,128,0.34591495361013375,0.40290189839960755,0.011282622309909982,0.0037939504252013346,6.219167650677721e-05,"[0.04009277746081352, 0.025775760412216187, 0.019253013655543327, 0.011862754821777344, 0.013528961688280106]",COMPLETE
194,0.022443025000393392,2026-08-25 01:47:17.818104,2026-08-25 01:53:45.903383,0 days 00:06:28.085279,relu,8,0.85449808640104,0.9921151242191937,0.0006007889080259669,0.007824819075414305,2,128,0.423876409527257,0.8161647119023634,0.09323418322733094,0.002292551435984058,0.00012237346438425913,"[0.04558618366718292, 0.026084382086992264, 0.014709622599184513, 0.009563056752085686, 0.01627187989652157]",COMPLETE
195,0.021878058649599554,2026-08-25 01:53:45.908617,2026-08-25 01:59:22.062364,0 days 00:05:36.153747,relu,8,0.8721651541824341,0.9914142821247696,0.018756808383507458,0.006094813604483158,2,128,0.589681836470929,0.6314710276883067,0.01796632301352299,0.004773486648100414,7.980332641220221e-05,"[0.03741724416613579, 0.02541453018784523, 0.02188456989824772, 0.007966616190969944, 0.01670733280479908]",COMPLETE
196,0.01977446023374796,2026-08-25 01:59:22.065562,2026-08-25 02:06:56.806214,0 days 00:07:34.740652,relu,8,0.8670978557784531,0.9928261479174572,0.04752473383808329,0.00992710382216356,2,128,0.3028107348399065,0.559461893149085,0.02538121548233501,0.003227703321488568,0.00013714341340301353,"[0.03890688717365265, 0.02220524474978447, 0.018035929650068283, 0.006437360309064388, 0.013286879286170006]",COMPLETE
197,0.02224019346758723,2026-08-25 02:06:56.810179,2026-08-25 02:11:57.006018,0 days 00:05:00.195839,relu,8,0.8624994051818298,0.9928273380218453,0.047142462411798064,0.006946124680257749,2,128,0.2905051463387707,0.5493404412423746,0.03292169965174879,0.0025885453707364574,0.00013902644833106153,"[0.04271846264600754, 0.02628478966653347, 0.0187011007219553, 0.007003608625382185, 0.01649300567805767]",COMPLETE
198,0.022505669575184583,2026-08-25 02:11:57.009704,2026-08-25 02:17:53.495568,0 days 00:05:56.485864,relu,8,0.8645846379571217,0.9926422443238587,0.06183007103591341,0.009952740208173539,2,128,1.2997135130894153,0.25617770087646513,0.02389523769250516,0.0020013888110794304,0.00011964717204678204,"[0.046649154275655746, 0.026032987982034683, 0.019510498270392418, 0.006462050136178732, 0.013873657211661339]",COMPLETE
199,0.021894860081374645,2026-08-25 02:17:53.499009,2026-08-25 02:25:00.557370,0 days 00:07:07.058361,relu,8,0.8661445804515575,0.9931255330044463,0.03271362125461734,0.005017870610222454,2,128,1.0459397582725913,0.4507836362577614,0.13078635768632915,0.3344184869774237,0.00015652349348507804,"[0.04740602523088455, 0.0241819117218256, 0.017100293189287186, 0.006567481905221939, 0.01421858835965395]",COMPLETE
